Moneda,Fecha,prices
staked-ether,2020-12-21,617.16
staked-ether,2020-12-22,617.16
staked-ether,2020-12-23,596.77
staked-ether,2020-12-24,611.5
staked-ether,2020-12-25,624.8
staked-ether,2020-12-26,629.07
staked-ether,2020-12-27,678.1
staked-ether,2020-12-28,730.42
staked-ether,2020-12-29,722.77
staked-ether,2020-12-30,722.28
staked-ether,2020-12-31,733.32
staked-ether,2021-01-01,723.53
staked-ether,2021-01-02,772.06
staked-ether,2021-01-03,977.57
staked-ether,2021-01-04,966.9
staked-ether,2021-01-05,1113.9
staked-ether,2021-01-06,1173.33
staked-ether,2021-01-07,1223.45
staked-ether,2021-01-08,1224.78
staked-ether,2021-01-09,1247.31
staked-ether,2021-01-10,1279.36
staked-ether,2021-01-11,1087.21
staked-ether,2021-01-12,1051.11
staked-ether,2021-01-13,1137.36
staked-ether,2021-01-14,1215.03
staked-ether,2021-01-15,1160.64
staked-ether,2021-01-16,1219.38
staked-ether,2021-01-17,1193.83
staked-ether,2021-01-18,1246.25
staked-ether,2021-01-19,1374.72
staked-ether,2021-01-20,1328.39
staked-ether,2021-01-21,1110.66
staked-ether,2021-01-22,1207.53
staked-ether,2021-01-23,1241.67
staked-ether,2021-01-24,1332.32
staked-ether,2021-01-25,1323.3
staked-ether,2021-01-26,1360.21
staked-ether,2021-01-27,1243.6
staked-ether,2021-01-28,1368.34
staked-ether,2021-01-29,1304.47
staked-ether,2021-01-30,1273.12
staked-ether,2021-01-31,1329.01
staked-ether,2021-02-01,1346.73
staked-ether,2021-02-02,1545.67
staked-ether,2021-02-03,1624.43
staked-ether,2021-02-04,1594.55
staked-ether,2021-02-05,1731.48
staked-ether,2021-02-06,1682.13
staked-ether,2021-02-07,1613.66
staked-ether,2021-02-08,1743.12
staked-ether,2021-02-09,1737.41
staked-ether,2021-02-10,1678.91
staked-ether,2021-02-11,1798.09
staked-ether,2021-02-12,1808.99
staked-ether,2021-02-13,1802.51
staked-ether,2021-02-14,1803.13
staked-ether,2021-02-15,1791.37
staked-ether,2021-02-16,1767.65
staked-ether,2021-02-17,1817.08
staked-ether,2021-02-18,1875.9
staked-ether,2021-02-19,1914.17
staked-ether,2021-02-20,1894.53
staked-ether,2021-02-21,1879.96
staked-ether,2021-02-22,1732.04
staked-ether,2021-02-23,1549.7
staked-ether,2021-02-24,1613.95
staked-ether,2021-02-25,1485.54
staked-ether,2021-02-26,1445.75
staked-ether,2021-02-27,1461.06
staked-ether,2021-02-28,1409.65
staked-ether,2021-03-01,1551.56
staked-ether,2021-03-02,1483.36
staked-ether,2021-03-03,1502.86
staked-ether,2021-03-04,1511.78
staked-ether,2021-03-05,1519.58
staked-ether,2021-03-06,1593.87
staked-ether,2021-03-07,1627.94
staked-ether,2021-03-08,1728.06
staked-ether,2021-03-09,1781.79
staked-ether,2021-03-10,1778.53
staked-ether,2021-03-11,1781.88
staked-ether,2021-03-12,1740.26
staked-ether,2021-03-13,1891.08
staked-ether,2021-03-14,1813.45
staked-ether,2021-03-15,1744.36
staked-ether,2021-03-16,1759.37
staked-ether,2021-03-17,1731.46
staked-ether,2021-03-18,1699.73
staked-ether,2021-03-19,1772.26
staked-ether,2021-03-20,1732.19
staked-ether,2021-03-21,1699.82
staked-ether,2021-03-22,1588.62
staked-ether,2021-03-23,1579.59
staked-ether,2021-03-24,1493.24
staked-ether,2021-03-25,1498.37
staked-ether,2021-03-26,1593.87
staked-ether,2021-03-27,1624.82
staked-ether,2021-03-28,1601.61
staked-ether,2021-03-29,1716.89
staked-ether,2021-03-30,1742.02
staked-ether,2021-03-31,1957.06
staked-ether,2021-04-01,1996.12
staked-ether,2021-04-02,2091.73
staked-ether,2021-04-03,2054.66
staked-ether,2021-04-04,2098.66
staked-ether,2021-04-05,2125.73
staked-ether,2021-04-06,2148.34
staked-ether,2021-04-07,2026.0
staked-ether,2021-04-08,2078.7
staked-ether,2021-04-09,2046.59
staked-ether,2021-04-10,2106.35
staked-ether,2021-04-11,2117.57
staked-ether,2021-04-12,2120.93
staked-ether,2021-04-13,2255.33
staked-ether,2021-04-14,2344.59
staked-ether,2021-04-15,2444.62
staked-ether,2021-04-16,2347.07
staked-ether,2021-04-17,2277.26
staked-ether,2021-04-18,2171.65
staked-ether,2021-04-19,2158.47
staked-ether,2021-04-20,2215.38
staked-ether,2021-04-21,2294.7
staked-ether,2021-04-22,2335.21
staked-ether,2021-04-23,2253.9
staked-ether,2021-04-24,2188.41
staked-ether,2021-04-25,2277.55
staked-ether,2021-04-26,2436.78
staked-ether,2021-04-27,2678.87
staked-ether,2021-04-28,2774.58
staked-ether,2021-04-29,2774.35
staked-ether,2021-04-30,2689.41
staked-ether,2021-05-01,2867.0
staked-ether,2021-05-02,2872.24
staked-ether,2021-05-03,3322.16
staked-ether,2021-05-04,3253.48
staked-ether,2021-05-05,3507.57
staked-ether,2021-05-06,3481.54
staked-ether,2021-05-07,3466.45
staked-ether,2021-05-08,3893.7
staked-ether,2021-05-09,3908.03
staked-ether,2021-05-10,3998.44
staked-ether,2021-05-11,4087.76
staked-ether,2021-05-12,3936.14
staked-ether,2021-05-13,3687.78
staked-ether,2021-05-14,4066.37
staked-ether,2021-05-15,3793.93
staked-ether,2021-05-16,3578.83
staked-ether,2021-05-17,3280.46
staked-ether,2021-05-18,3327.28
staked-ether,2021-05-19,2469.58
staked-ether,2021-05-20,2738.76
staked-ether,2021-05-21,2393.13
staked-ether,2021-05-22,2291.95
staked-ether,2021-05-23,2107.11
staked-ether,2021-05-24,2605.98
staked-ether,2021-05-25,2692.77
staked-ether,2021-05-26,2864.94
staked-ether,2021-05-27,2737.56
staked-ether,2021-05-28,2416.37
staked-ether,2021-05-29,2284.52
staked-ether,2021-05-30,2380.72
staked-ether,2021-05-31,2686.59
staked-ether,2021-06-01,2629.82
staked-ether,2021-06-02,2709.83
staked-ether,2021-06-03,2871.04
staked-ether,2021-06-04,2686.43
staked-ether,2021-06-05,2589.52
staked-ether,2021-06-06,2703.38
staked-ether,2021-06-07,2589.64
staked-ether,2021-06-08,2525.33
staked-ether,2021-06-09,2619.87
staked-ether,2021-06-10,2487.41
staked-ether,2021-06-11,2350.35
staked-ether,2021-06-12,2381.83
staked-ether,2021-06-13,2501.98
staked-ether,2021-06-14,2586.28
staked-ether,2021-06-15,2555.23
staked-ether,2021-06-16,2356.48
staked-ether,2021-06-17,2377.53
staked-ether,2021-06-18,2225.12
staked-ether,2021-06-19,2182.43
staked-ether,2021-06-20,2256.93
staked-ether,2021-06-21,1892.36
staked-ether,2021-06-22,1867.56
staked-ether,2021-06-23,1960.2
staked-ether,2021-06-24,1988.5
staked-ether,2021-06-25,1825.63
staked-ether,2021-06-26,1795.13
staked-ether,2021-06-27,1959.42
staked-ether,2021-06-28,2085.98
staked-ether,2021-06-29,2182.32
staked-ether,2021-06-30,2262.23
staked-ether,2021-07-01,2123.95
staked-ether,2021-07-02,2152.71
staked-ether,2021-07-03,2212.56
staked-ether,2021-07-04,2342.32
staked-ether,2021-07-05,2234.22
staked-ether,2021-07-06,2330.47
staked-ether,2021-07-07,2331.25
staked-ether,2021-07-08,2121.65
staked-ether,2021-07-09,2158.55
staked-ether,2021-07-10,2124.47
staked-ether,2021-07-11,2139.89
staked-ether,2021-07-12,2039.87
staked-ether,2021-07-13,1942.8
staked-ether,2021-07-14,1994.71
staked-ether,2021-07-15,1918.74
staked-ether,2021-07-16,1861.95
staked-ether,2021-07-17,1896.57
staked-ether,2021-07-18,1901.12
staked-ether,2021-07-19,1820.19
staked-ether,2021-07-20,1792.99
staked-ether,2021-07-21,1986.89
staked-ether,2021-07-22,2018.96
staked-ether,2021-07-23,2102.08
staked-ether,2021-07-24,2175.77
staked-ether,2021-07-25,2183.64
staked-ether,2021-07-26,2215.07
staked-ether,2021-07-27,2282.12
staked-ether,2021-07-28,2297.05
staked-ether,2021-07-29,2374.42
staked-ether,2021-07-30,2442.89
staked-ether,2021-07-31,2540.9
staked-ether,2021-08-01,2563.22
staked-ether,2021-08-02,2623.1
staked-ether,2021-08-03,2503.63
staked-ether,2021-08-04,2725.63
staked-ether,2021-08-05,2821.19
staked-ether,2021-08-06,2877.77
staked-ether,2021-08-07,3122.34
staked-ether,2021-08-08,3025.74
staked-ether,2021-08-09,3135.77
staked-ether,2021-08-10,3130.68
staked-ether,2021-08-11,3163.76
staked-ether,2021-08-12,3030.63
staked-ether,2021-08-13,3310.28
staked-ether,2021-08-14,3263.37
staked-ether,2021-08-15,3297.26
staked-ether,2021-08-16,3154.87
staked-ether,2021-08-17,3023.88
staked-ether,2021-08-18,3050.18
staked-ether,2021-08-19,3168.7
staked-ether,2021-08-20,3273.68
staked-ether,2021-08-21,3234.53
staked-ether,2021-08-22,3244.21
staked-ether,2021-08-23,3319.29
staked-ether,2021-08-24,3185.16
staked-ether,2021-08-25,3226.57
staked-ether,2021-08-26,3122.59
staked-ether,2021-08-27,3258.11
staked-ether,2021-08-28,3228.41
staked-ether,2021-08-29,3208.78
staked-ether,2021-08-30,3221.33
staked-ether,2021-08-31,3419.06
staked-ether,2021-09-01,3762.76
staked-ether,2021-09-02,3771.26
staked-ether,2021-09-03,3904.08
staked-ether,2021-09-04,3871.67
staked-ether,2021-09-05,3923.75
staked-ether,2021-09-06,3899.08
staked-ether,2021-09-07,3421.66
staked-ether,2021-09-08,3492.42
staked-ether,2021-09-09,3390.06
staked-ether,2021-09-10,3155.64
staked-ether,2021-09-11,3203.56
staked-ether,2021-09-12,3371.46
staked-ether,2021-09-13,3249.24
staked-ether,2021-09-14,3371.51
staked-ether,2021-09-15,3563.39
staked-ether,2021-09-16,3536.57
staked-ether,2021-09-17,3367.04
staked-ether,2021-09-18,3395.26
staked-ether,2021-09-19,3306.74
staked-ether,2021-09-20,2945.11
staked-ether,2021-09-21,2718.11
staked-ether,2021-09-22,3037.4
staked-ether,2021-09-23,3134.02
staked-ether,2021-09-24,2907.75
staked-ether,2021-09-25,2917.22
staked-ether,2021-09-26,3030.25
staked-ether,2021-09-27,2934.72
staked-ether,2021-09-28,2796.3
staked-ether,2021-09-29,2828.21
staked-ether,2021-09-30,2980.48
staked-ether,2021-10-01,3278.4
staked-ether,2021-10-02,3373.67
staked-ether,2021-10-03,3406.34
staked-ether,2021-10-04,3383.18
staked-ether,2021-10-05,3497.28
staked-ether,2021-10-06,3564.85
staked-ether,2021-10-07,3572.78
staked-ether,2021-10-08,3543.89
staked-ether,2021-10-09,3564.27
staked-ether,2021-10-10,3405.53
staked-ether,2021-10-11,3497.62
staked-ether,2021-10-12,3473.76
staked-ether,2021-10-13,3577.2
staked-ether,2021-10-14,3771.05
staked-ether,2021-10-15,3853.85
staked-ether,2021-10-16,3831.96
staked-ether,2021-10-17,3816.24
staked-ether,2021-10-18,3720.39
staked-ether,2021-10-19,3845.81
staked-ether,2021-10-20,4151.98
staked-ether,2021-10-21,4045.57
staked-ether,2021-10-22,3976.5
staked-ether,2021-10-23,4155.01
staked-ether,2021-10-24,4069.94
staked-ether,2021-10-25,4199.83
staked-ether,2021-10-26,4102.1
staked-ether,2021-10-27,3939.65
staked-ether,2021-10-28,4257.52
staked-ether,2021-10-29,4384.35
staked-ether,2021-10-30,4286.65
staked-ether,2021-10-31,4265.92
staked-ether,2021-11-01,4293.25
staked-ether,2021-11-02,4552.33
staked-ether,2021-11-03,4573.73
staked-ether,2021-11-04,4516.09
staked-ether,2021-11-05,4458.1
staked-ether,2021-11-06,4493.45
staked-ether,2021-11-07,4587.05
staked-ether,2021-11-08,4775.45
staked-ether,2021-11-09,4711.49
staked-ether,2021-11-10,4598.41
staked-ether,2021-11-11,4711.59
staked-ether,2021-11-12,4636.9
staked-ether,2021-11-13,4621.57
staked-ether,2021-11-14,4598.07
staked-ether,2021-11-15,4550.21
staked-ether,2021-11-16,4209.69
staked-ether,2021-11-17,4251.53
staked-ether,2021-11-18,3954.91
staked-ether,2021-11-19,4285.83
staked-ether,2021-11-20,4394.15
staked-ether,2021-11-21,4308.21
staked-ether,2021-11-22,4068.07
staked-ether,2021-11-23,4319.16
staked-ether,2021-11-24,4232.58
staked-ether,2021-11-25,4489.56
staked-ether,2021-11-26,4014.44
staked-ether,2021-11-27,4058.92
staked-ether,2021-11-28,4249.01
staked-ether,2021-11-29,4383.71
staked-ether,2021-11-30,4596.52
staked-ether,2021-12-01,4545.16
staked-ether,2021-12-02,4500.01
staked-ether,2021-12-03,4212.12
staked-ether,2021-12-04,4073.83
staked-ether,2021-12-05,4157.04
staked-ether,2021-12-06,4307.94
staked-ether,2021-12-07,4266.9
staked-ether,2021-12-08,4397.51
staked-ether,2021-12-09,4114.21
staked-ether,2021-12-10,3879.77
staked-ether,2021-12-11,4045.94
staked-ether,2021-12-12,4097.18
staked-ether,2021-12-13,3753.98
staked-ether,2021-12-14,3829.62
staked-ether,2021-12-15,3987.92
staked-ether,2021-12-16,3935.69
staked-ether,2021-12-17,3861.52
staked-ether,2021-12-18,3939.65
staked-ether,2021-12-19,3907.64
staked-ether,2021-12-20,3930.47
staked-ether,2021-12-21,4016.04
staked-ether,2021-12-22,3971.81
staked-ether,2021-12-23,4088.97
staked-ether,2021-12-24,4012.08
staked-ether,2021-12-25,4083.12
staked-ether,2021-12-26,4050.75
staked-ether,2021-12-27,4019.32
staked-ether,2021-12-28,3778.22
staked-ether,2021-12-29,3617.3
staked-ether,2021-12-30,3697.61
staked-ether,2021-12-31,3666.15
staked-ether,2022-01-01,3751.83
staked-ether,2022-01-02,3826.69
staked-ether,2022-01-03,3759.18
staked-ether,2022-01-04,3789.76
staked-ether,2022-01-05,3545.89
staked-ether,2022-01-06,3402.91
staked-ether,2022-01-07,3186.73
staked-ether,2022-01-08,3080.49
staked-ether,2022-01-09,3152.78
staked-ether,2022-01-10,3083.4
staked-ether,2022-01-11,3238.07
staked-ether,2022-01-12,3372.03
staked-ether,2022-01-13,3256.28
staked-ether,2022-01-14,3311.52
staked-ether,2022-01-15,3326.78
staked-ether,2022-01-16,3353.95
staked-ether,2022-01-17,3209.34
staked-ether,2022-01-18,3159.54
staked-ether,2022-01-19,3084.88
staked-ether,2022-01-20,3006.63
staked-ether,2022-01-21,2559.54
staked-ether,2022-01-22,2408.08
staked-ether,2022-01-23,2540.61
staked-ether,2022-01-24,2441.28
staked-ether,2022-01-25,2459.66
staked-ether,2022-01-26,2468.18
staked-ether,2022-01-27,2418.39
staked-ether,2022-01-28,2548.24
staked-ether,2022-01-29,2589.93
staked-ether,2022-01-30,2599.76
staked-ether,2022-01-31,2685.47
staked-ether,2022-02-01,2799.06
staked-ether,2022-02-02,2681.44
staked-ether,2022-02-03,2664.73
staked-ether,2022-02-04,2957.36
staked-ether,2022-02-05,3014.04
staked-ether,2022-02-06,3059.71
staked-ether,2022-02-07,3143.07
staked-ether,2022-02-08,3122.16
staked-ether,2022-02-09,3243.85
staked-ether,2022-02-10,3077.56
staked-ether,2022-02-11,2922.28
staked-ether,2022-02-12,2910.94
staked-ether,2022-02-13,2890.4
staked-ether,2022-02-14,2931.63
staked-ether,2022-02-15,3179.12
staked-ether,2022-02-16,3130.78
staked-ether,2022-02-17,2878.92
staked-ether,2022-02-18,2786.62
staked-ether,2022-02-19,2763.95
staked-ether,2022-02-20,2636.74
staked-ether,2022-02-21,2567.49
staked-ether,2022-02-22,2640.16
staked-ether,2022-02-23,2593.19
staked-ether,2022-02-24,2595.75
staked-ether,2022-02-25,2765.63
staked-ether,2022-02-26,2777.61
staked-ether,2022-02-27,2625.82
staked-ether,2022-02-28,2912.9
staked-ether,2022-03-01,2969.24
staked-ether,2022-03-02,2948.32
staked-ether,2022-03-03,2834.13
staked-ether,2022-03-04,2615.93
staked-ether,2022-03-05,2666.79
staked-ether,2022-03-06,2555.41
staked-ether,2022-03-07,2493.05
staked-ether,2022-03-08,2574.04
staked-ether,2022-03-09,2729.4
staked-ether,2022-03-10,2607.56
staked-ether,2022-03-11,2560.21
staked-ether,2022-03-12,2575.89
staked-ether,2022-03-13,2515.78
staked-ether,2022-03-14,2584.81
staked-ether,2022-03-15,2617.2
staked-ether,2022-03-16,2771.37
staked-ether,2022-03-17,2812.93
staked-ether,2022-03-18,2944.08
staked-ether,2022-03-19,2942.43
staked-ether,2022-03-20,2861.2
staked-ether,2022-03-21,2893.2
staked-ether,2022-03-22,2969.69
staked-ether,2022-03-23,3020.98
staked-ether,2022-03-24,3101.03
staked-ether,2022-03-25,3105.89
staked-ether,2022-03-26,3138.47
staked-ether,2022-03-27,3281.97
staked-ether,2022-03-28,3326.95
staked-ether,2022-03-29,3400.53
staked-ether,2022-03-30,3384.6
staked-ether,2022-03-31,3284.7
staked-ether,2022-04-01,3448.75
staked-ether,2022-04-02,3441.27
staked-ether,2022-04-03,3517.83
staked-ether,2022-04-04,3516.72
staked-ether,2022-04-05,3414.06
staked-ether,2022-04-06,3168.54
staked-ether,2022-04-07,3233.12
staked-ether,2022-04-08,3187.07
staked-ether,2022-04-09,3265.0
staked-ether,2022-04-10,3210.62
staked-ether,2022-04-11,2981.55
staked-ether,2022-04-12,3033.85
staked-ether,2022-04-13,3120.02
staked-ether,2022-04-14,3022.07
staked-ether,2022-04-15,3045.77
staked-ether,2022-04-16,3066.17
staked-ether,2022-04-17,2991.66
staked-ether,2022-04-18,3059.07
staked-ether,2022-04-19,3101.8
staked-ether,2022-04-20,3078.29
staked-ether,2022-04-21,2983.49
staked-ether,2022-04-22,2968.28
staked-ether,2022-04-23,2939.41
staked-ether,2022-04-24,2919.08
staked-ether,2022-04-25,3006.3
staked-ether,2022-04-26,2807.02
staked-ether,2022-04-27,2888.87
staked-ether,2022-04-28,2933.26
staked-ether,2022-04-29,2816.33
staked-ether,2022-04-30,2734.89
staked-ether,2022-05-01,2829.64
staked-ether,2022-05-02,2859.16
staked-ether,2022-05-03,2782.6
staked-ether,2022-05-04,2940.69
staked-ether,2022-05-05,2748.71
staked-ether,2022-05-06,2696.45
staked-ether,2022-05-07,2638.72
staked-ether,2022-05-08,2505.81
staked-ether,2022-05-09,2233.56
staked-ether,2022-05-10,2324.33
staked-ether,2022-05-11,2055.58
staked-ether,2022-05-12,1931.23
staked-ether,2022-05-13,1958.67
staked-ether,2022-05-14,2016.64
staked-ether,2022-05-15,2113.17
staked-ether,2022-05-16,1991.66
staked-ether,2022-05-17,2064.04
staked-ether,2022-05-18,1886.0
staked-ether,2022-05-19,1988.55
staked-ether,2022-05-20,1932.73
staked-ether,2022-05-21,1928.86
staked-ether,2022-05-22,2000.12
staked-ether,2022-05-23,1936.63
staked-ether,2022-05-24,1938.08
staked-ether,2022-05-25,1902.24
staked-ether,2022-05-26,1769.39
staked-ether,2022-05-27,1683.89
staked-ether,2022-05-28,1757.33
staked-ether,2022-05-29,1772.42
staked-ether,2022-05-30,1954.85
staked-ether,2022-05-31,1910.89
staked-ether,2022-06-01,1794.16
staked-ether,2022-06-02,1796.17
staked-ether,2022-06-03,1738.55
staked-ether,2022-06-04,1765.54
staked-ether,2022-06-05,1766.98
staked-ether,2022-06-06,1819.42
staked-ether,2022-06-07,1780.98
staked-ether,2022-06-08,1753.19
staked-ether,2022-06-09,1738.19
staked-ether,2022-06-10,1571.66
staked-ether,2022-06-11,1474.59
staked-ether,2022-06-12,1391.91
staked-ether,2022-06-13,1156.06
staked-ether,2022-06-14,1155.91
staked-ether,2022-06-15,1160.51
staked-ether,2022-06-16,1009.27
staked-ether,2022-06-17,1017.91
staked-ether,2022-06-18,930.12
staked-ether,2022-06-19,1056.54
staked-ether,2022-06-20,1064.69
staked-ether,2022-06-21,1063.22
staked-ether,2022-06-22,998.16
staked-ether,2022-06-23,1090.39
staked-ether,2022-06-24,1181.5
staked-ether,2022-06-25,1201.08
staked-ether,2022-06-26,1161.02
staked-ether,2022-06-27,1152.75
staked-ether,2022-06-28,1097.63
staked-ether,2022-06-29,1055.95
staked-ether,2022-06-30,1015.34
staked-ether,2022-07-01,1027.05
staked-ether,2022-07-02,1026.66
staked-ether,2022-07-03,1039.78
staked-ether,2022-07-04,1116.87
staked-ether,2022-07-05,1099.28
staked-ether,2022-07-06,1154.65
staked-ether,2022-07-07,1206.93
staked-ether,2022-07-08,1196.22
staked-ether,2022-07-09,1183.44
staked-ether,2022-07-10,1135.39
staked-ether,2022-07-11,1066.11
staked-ether,2022-07-12,1000.72
staked-ether,2022-07-13,1071.87
staked-ether,2022-07-14,1151.73
staked-ether,2022-07-15,1194.61
staked-ether,2022-07-16,1316.02
staked-ether,2022-07-17,1306.85
staked-ether,2022-07-18,1534.7
staked-ether,2022-07-19,1507.07
staked-ether,2022-07-20,1486.28
staked-ether,2022-07-21,1543.07
staked-ether,2022-07-22,1505.8
staked-ether,2022-07-23,1522.97
staked-ether,2022-07-24,1570.05
staked-ether,2022-07-25,1413.59
staked-ether,2022-07-26,1412.72
staked-ether,2022-07-27,1602.69
staked-ether,2022-07-28,1682.07
staked-ether,2022-07-29,1687.69
staked-ether,2022-07-30,1651.1
staked-ether,2022-07-31,1643.35
staked-ether,2022-08-01,1596.27
staked-ether,2022-08-02,1597.2
staked-ether,2022-08-03,1579.64
staked-ether,2022-08-04,1567.0
staked-ether,2022-08-05,1662.55
staked-ether,2022-08-06,1634.61
staked-ether,2022-08-07,1637.44
staked-ether,2022-08-08,1717.27
staked-ether,2022-08-09,1644.35
staked-ether,2022-08-10,1785.04
staked-ether,2022-08-11,1822.0
staked-ether,2022-08-12,1903.58
staked-ether,2022-08-13,1931.35
staked-ether,2022-08-14,1887.14
staked-ether,2022-08-15,1855.69
staked-ether,2022-08-16,1826.54
staked-ether,2022-08-17,1786.98
staked-ether,2022-08-18,1799.07
staked-ether,2022-08-19,1570.91
staked-ether,2022-08-20,1533.82
staked-ether,2022-08-21,1580.32
staked-ether,2022-08-22,1581.91
staked-ether,2022-08-23,1618.98
staked-ether,2022-08-24,1611.59
staked-ether,2022-08-25,1654.94
staked-ether,2022-08-26,1464.8
staked-ether,2022-08-27,1451.66
staked-ether,2022-08-28,1393.08
staked-ether,2022-08-29,1514.17
staked-ether,2022-08-30,1477.75
staked-ether,2022-08-31,1506.15
staked-ether,2022-09-01,1541.26
staked-ether,2022-09-02,1525.64
staked-ether,2022-09-03,1506.69
staked-ether,2022-09-04,1525.88
staked-ether,2022-09-05,1564.88
staked-ether,2022-09-06,1500.43
staked-ether,2022-09-07,1564.83
staked-ether,2022-09-08,1574.14
staked-ether,2022-09-09,1664.96
staked-ether,2022-09-10,1728.96
staked-ether,2022-09-11,1711.97
staked-ether,2022-09-12,1665.39
staked-ether,2022-09-13,1528.91
staked-ether,2022-09-14,1589.79
staked-ether,2022-09-15,1452.29
staked-ether,2022-09-16,1413.67
staked-ether,2022-09-17,1459.03
staked-ether,2022-09-18,1325.29
staked-ether,2022-09-19,1365.99
staked-ether,2022-09-20,1312.69
staked-ether,2022-09-21,1243.66
staked-ether,2022-09-22,1320.93
staked-ether,2022-09-23,1324.32
staked-ether,2022-09-24,1310.94
staked-ether,2022-09-25,1291.2
staked-ether,2022-09-26,1328.44
staked-ether,2022-09-27,1327.69
staked-ether,2022-09-28,1335.96
staked-ether,2022-09-29,1330.09
staked-ether,2022-09-30,1326.8
staked-ether,2022-10-01,1308.87
staked-ether,2022-10-02,1274.85
staked-ether,2022-10-03,1315.7
staked-ether,2022-10-04,1356.07
staked-ether,2022-10-05,1346.06
staked-ether,2022-10-06,1345.29
staked-ether,2022-10-07,1314.77
staked-ether,2022-10-08,1306.82
staked-ether,2022-10-09,1314.47
staked-ether,2022-10-10,1283.93
staked-ether,2022-10-11,1272.99
staked-ether,2022-10-12,1286.84
staked-ether,2022-10-13,1282.33
staked-ether,2022-10-14,1290.36
staked-ether,2022-10-15,1268.41
staked-ether,2022-10-16,1301.31
staked-ether,2022-10-17,1327.54
staked-ether,2022-10-18,1305.48
staked-ether,2022-10-19,1282.03
staked-ether,2022-10-20,1278.94
staked-ether,2022-10-21,1296.66
staked-ether,2022-10-22,1309.82
staked-ether,2022-10-23,1361.84
staked-ether,2022-10-24,1340.95
staked-ether,2022-10-25,1457.86
staked-ether,2022-10-26,1565.24
staked-ether,2022-10-27,1513.54
staked-ether,2022-10-28,1553.58
staked-ether,2022-10-29,1618.07
staked-ether,2022-10-30,1588.64
staked-ether,2022-10-31,1572.61
staked-ether,2022-11-01,1579.48
staked-ether,2022-11-02,1520.34
staked-ether,2022-11-03,1529.39
staked-ether,2022-11-04,1642.93
staked-ether,2022-11-05,1626.21
staked-ether,2022-11-06,1569.04
staked-ether,2022-11-07,1564.43
staked-ether,2022-11-08,1322.17
staked-ether,2022-11-09,1085.92
staked-ether,2022-11-10,1290.85
staked-ether,2022-11-11,1272.4
staked-ether,2022-11-12,1234.19
staked-ether,2022-11-13,1207.62
staked-ether,2022-11-14,1229.87
staked-ether,2022-11-15,1240.6
staked-ether,2022-11-16,1205.55
staked-ether,2022-11-17,1189.19
staked-ether,2022-11-18,1197.99
staked-ether,2022-11-19,1205.16
staked-ether,2022-11-20,1128.2
staked-ether,2022-11-21,1091.66
staked-ether,2022-11-22,1116.7
staked-ether,2022-11-23,1165.61
staked-ether,2022-11-24,1178.7
staked-ether,2022-11-25,1179.11
staked-ether,2022-11-26,1182.82
staked-ether,2022-11-27,1178.85
staked-ether,2022-11-28,1152.59
staked-ether,2022-11-29,1203.57
staked-ether,2022-11-30,1281.49
staked-ether,2022-12-01,1262.6
staked-ether,2022-12-02,1279.05
staked-ether,2022-12-03,1228.17
staked-ether,2022-12-04,1267.63
staked-ether,2022-12-05,1244.42
staked-ether,2022-12-06,1258.05
staked-ether,2022-12-07,1221.11
staked-ether,2022-12-08,1267.4
staked-ether,2022-12-09,1250.19
staked-ether,2022-12-10,1250.41
staked-ether,2022-12-11,1252.69
staked-ether,2022-12-12,1260.72
staked-ether,2022-12-13,1305.64
staked-ether,2022-12-14,1295.36
staked-ether,2022-12-15,1249.4
staked-ether,2022-12-16,1152.79
staked-ether,2022-12-17,1174.26
staked-ether,2022-12-18,1173.61
staked-ether,2022-12-19,1153.8
staked-ether,2022-12-20,1205.08
staked-ether,2022-12-21,1199.4
staked-ether,2022-12-22,1204.77
staked-ether,2022-12-23,1209.08
staked-ether,2022-12-24,1208.26
staked-ether,2022-12-25,1206.7
staked-ether,2022-12-26,1214.45
staked-ether,2022-12-27,1198.88
staked-ether,2022-12-28,1177.14
staked-ether,2022-12-29,1188.11
staked-ether,2022-12-30,1184.73
staked-ether,2022-12-31,1180.26
staked-ether,2023-01-01,1184.71
staked-ether,2023-01-02,1199.65
staked-ether,2023-01-03,1199.47
staked-ether,2023-01-04,1241.46
staked-ether,2023-01-05,1235.87
staked-ether,2023-01-06,1254.78
staked-ether,2023-01-07,1253.75
staked-ether,2023-01-08,1271.39
staked-ether,2023-01-09,1310.56
staked-ether,2023-01-10,1325.12
staked-ether,2023-01-11,1377.78
staked-ether,2023-01-12,1406.44
staked-ether,2023-01-13,1437.85
staked-ether,2023-01-14,1541.94
staked-ether,2023-01-15,1540.32
staked-ether,2023-01-16,1568.45
staked-ether,2023-01-17,1559.59
staked-ether,2023-01-18,1505.53
staked-ether,2023-01-19,1545.45
staked-ether,2023-01-20,1655.93
staked-ether,2023-01-21,1619.26
staked-ether,2023-01-22,1624.85
staked-ether,2023-01-23,1643.97
staked-ether,2023-01-24,1575.4
staked-ether,2023-01-25,1613.33
staked-ether,2023-01-26,1599.15
staked-ether,2023-01-27,1596.19
staked-ether,2023-01-28,1567.99
staked-ether,2023-01-29,1645.12
staked-ether,2023-01-30,1564.71
staked-ether,2023-01-31,1580.36
staked-ether,2023-02-01,1637.27
staked-ether,2023-02-02,1642.84
staked-ether,2023-02-03,1660.0
staked-ether,2023-02-04,1662.03
staked-ether,2023-02-05,1626.75
staked-ether,2023-02-06,1613.33
staked-ether,2023-02-07,1670.16
staked-ether,2023-02-08,1648.02
staked-ether,2023-02-09,1542.41
staked-ether,2023-02-10,1513.45
staked-ether,2023-02-11,1546.71
staked-ether,2023-02-12,1538.68
staked-ether,2023-02-13,1506.3
staked-ether,2023-02-14,1556.93
staked-ether,2023-02-15,1675.98
staked-ether,2023-02-16,1648.19
staked-ether,2023-02-17,1698.97
staked-ether,2023-02-18,1689.87
staked-ether,2023-02-19,1677.63
staked-ether,2023-02-20,1697.61
staked-ether,2023-02-21,1653.48
staked-ether,2023-02-22,1639.51
staked-ether,2023-02-23,1647.29
staked-ether,2023-02-24,1605.81
staked-ether,2023-02-25,1592.06
staked-ether,2023-02-26,1639.41
staked-ether,2023-02-27,1632.95
staked-ether,2023-02-28,1603.77
staked-ether,2023-03-01,1662.29
staked-ether,2023-03-02,1647.35
staked-ether,2023-03-03,1568.09
staked-ether,2023-03-04,1566.62
staked-ether,2023-03-05,1563.39
staked-ether,2023-03-06,1566.2
staked-ether,2023-03-07,1562.88
staked-ether,2023-03-08,1534.09
staked-ether,2023-03-09,1438.95
staked-ether,2023-03-10,1428.44
staked-ether,2023-03-11,1460.07
staked-ether,2023-03-12,1579.95
staked-ether,2023-03-13,1672.69
staked-ether,2023-03-14,1699.91
staked-ether,2023-03-15,1655.48
staked-ether,2023-03-16,1676.02
staked-ether,2023-03-17,1787.1
staked-ether,2023-03-18,1763.44
staked-ether,2023-03-19,1804.18
staked-ether,2023-03-20,1741.56
staked-ether,2023-03-21,1807.84
staked-ether,2023-03-22,1743.27
staked-ether,2023-03-23,1813.04
staked-ether,2023-03-24,1746.33
staked-ether,2023-03-25,1752.14
staked-ether,2023-03-26,1770.83
staked-ether,2023-03-27,1713.86
staked-ether,2023-03-28,1772.89
staked-ether,2023-03-29,1791.24
staked-ether,2023-03-30,1788.15
staked-ether,2023-03-31,1820.92
staked-ether,2023-04-01,1817.02
staked-ether,2023-04-02,1790.21
staked-ether,2023-04-03,1806.83
staked-ether,2023-04-04,1867.16
staked-ether,2023-04-05,1905.73
staked-ether,2023-04-06,1865.74
staked-ether,2023-04-07,1856.48
staked-ether,2023-04-08,1845.1
staked-ether,2023-04-09,1852.25
staked-ether,2023-04-10,1897.56
staked-ether,2023-04-11,1887.83
staked-ether,2023-04-12,1913.02
staked-ether,2023-04-13,2010.66
staked-ether,2023-04-14,2097.54
staked-ether,2023-04-15,2087.29
staked-ether,2023-04-16,2134.41
staked-ether,2023-04-17,2071.28
staked-ether,2023-04-18,2104.17
staked-ether,2023-04-19,1935.05
staked-ether,2023-04-20,1937.5
staked-ether,2023-04-21,1849.09
staked-ether,2023-04-22,1877.34
staked-ether,2023-04-23,1856.71
staked-ether,2023-04-24,1840.53
staked-ether,2023-04-25,1864.76
staked-ether,2023-04-26,1866.39
staked-ether,2023-04-27,1906.17
staked-ether,2023-04-28,1891.41
staked-ether,2023-04-29,1900.73
staked-ether,2023-04-30,1882.68
staked-ether,2023-05-01,1828.89
staked-ether,2023-05-02,1869.96
staked-ether,2023-05-03,1900.62
staked-ether,2023-05-04,1875.38
staked-ether,2023-05-05,1991.8
staked-ether,2023-05-06,1893.43
staked-ether,2023-05-07,1894.94
staked-ether,2023-05-08,1847.71
staked-ether,2023-05-09,1844.61
staked-ether,2023-05-10,1842.41
staked-ether,2023-05-11,1797.14
staked-ether,2023-05-12,1808.25
staked-ether,2023-05-13,1796.06
staked-ether,2023-05-14,1797.79
staked-ether,2023-05-15,1819.79
staked-ether,2023-05-16,1823.45
staked-ether,2023-05-17,1818.59
staked-ether,2023-05-18,1801.31
staked-ether,2023-05-19,1810.85
staked-ether,2023-05-20,1817.27
staked-ether,2023-05-21,1804.83
staked-ether,2023-05-22,1816.99
staked-ether,2023-05-23,1851.31
staked-ether,2023-05-24,1800.59
staked-ether,2023-05-25,1804.43
staked-ether,2023-05-26,1827.95
staked-ether,2023-05-27,1827.92
staked-ether,2023-05-28,1912.44
staked-ether,2023-05-29,1892.01
staked-ether,2023-05-30,1900.4
staked-ether,2023-05-31,1873.4
staked-ether,2023-06-01,1860.94
staked-ether,2023-06-02,1905.93
staked-ether,2023-06-03,1892.64
staked-ether,2023-06-04,1890.77
staked-ether,2023-06-05,1810.74
staked-ether,2023-06-06,1881.72
staked-ether,2023-06-07,1830.29
staked-ether,2023-06-08,1844.53
staked-ether,2023-06-09,1836.3
staked-ether,2023-06-10,1753.08
staked-ether,2023-06-11,1750.77
staked-ether,2023-06-12,1742.17
staked-ether,2023-06-13,1735.26
staked-ether,2023-06-14,1650.26
staked-ether,2023-06-15,1664.19
staked-ether,2023-06-16,1715.96
staked-ether,2023-06-17,1725.3
staked-ether,2023-06-18,1717.35
staked-ether,2023-06-19,1732.31
staked-ether,2023-06-20,1790.5
staked-ether,2023-06-21,1892.28
staked-ether,2023-06-22,1873.4
staked-ether,2023-06-23,1891.47
staked-ether,2023-06-24,1873.46
staked-ether,2023-06-25,1898.48
staked-ether,2023-06-26,1858.75
staked-ether,2023-06-27,1888.54
staked-ether,2023-06-28,1828.36
staked-ether,2023-06-29,1853.44
staked-ether,2023-06-30,1933.6
staked-ether,2023-07-01,1920.94
staked-ether,2023-07-02,1932.88
staked-ether,2023-07-03,1953.64
staked-ether,2023-07-04,1937.37
staked-ether,2023-07-05,1909.73
staked-ether,2023-07-06,1855.56
staked-ether,2023-07-07,1868.82
staked-ether,2023-07-08,1863.89
staked-ether,2023-07-09,1862.66
staked-ether,2023-07-10,1879.15
staked-ether,2023-07-11,1878.38
staked-ether,2023-07-12,1872.94
staked-ether,2023-07-13,2003.05
staked-ether,2023-07-14,1935.58
staked-ether,2023-07-15,1930.48
staked-ether,2023-07-16,1923.09
staked-ether,2023-07-17,1910.59
staked-ether,2023-07-18,1896.01
staked-ether,2023-07-19,1890.21
staked-ether,2023-07-20,1890.76
staked-ether,2023-07-21,1891.52
staked-ether,2023-07-22,1858.69
staked-ether,2023-07-23,1886.87
staked-ether,2023-07-24,1850.73
staked-ether,2023-07-25,1857.22
staked-ether,2023-07-26,1871.91
staked-ether,2023-07-27,1857.89
staked-ether,2023-07-28,1874.51
staked-ether,2023-07-29,1879.41
staked-ether,2023-07-30,1859.79
staked-ether,2023-07-31,1857.55
staked-ether,2023-08-01,1879.22
staked-ether,2023-08-02,1836.06
staked-ether,2023-08-03,1835.27
staked-ether,2023-08-04,1827.44
staked-ether,2023-08-05,1835.1
staked-ether,2023-08-06,1826.24
staked-ether,2023-08-07,1821.72
staked-ether,2023-08-08,1856.8
staked-ether,2023-08-09,1855.36
staked-ether,2023-08-10,1849.45
staked-ether,2023-08-11,1846.3
staked-ether,2023-08-12,1846.71
staked-ether,2023-08-13,1837.91
staked-ether,2023-08-14,1842.55
staked-ether,2023-08-15,1826.36
staked-ether,2023-08-16,1807.9
staked-ether,2023-08-17,1678.53
staked-ether,2023-08-18,1659.99
staked-ether,2023-08-19,1668.86
staked-ether,2023-08-20,1683.12
staked-ether,2023-08-21,1667.35
staked-ether,2023-08-22,1631.34
staked-ether,2023-08-23,1678.29
staked-ether,2023-08-24,1653.08
ethereum,2018-08-25,277.97
ethereum,2018-08-26,273.5
ethereum,2018-08-27,286.96
ethereum,2018-08-28,296.3
ethereum,2018-08-29,288.51
ethereum,2018-08-30,285.1
ethereum,2018-08-31,282.22
ethereum,2018-09-01,295.65
ethereum,2018-09-02,294.59
ethereum,2018-09-03,288.85
ethereum,2018-09-04,285.49
ethereum,2018-09-05,232.6
ethereum,2018-09-06,229.37
ethereum,2018-09-07,215.43
ethereum,2018-09-08,196.87
ethereum,2018-09-09,195.88
ethereum,2018-09-10,196.36
ethereum,2018-09-11,184.08
ethereum,2018-09-12,182.95
ethereum,2018-09-13,211.83
ethereum,2018-09-14,211.38
ethereum,2018-09-15,223.05
ethereum,2018-09-16,220.14
ethereum,2018-09-17,196.58
ethereum,2018-09-18,210.15
ethereum,2018-09-19,209.14
ethereum,2018-09-20,224.38
ethereum,2018-09-21,247.41
ethereum,2018-09-22,241.84
ethereum,2018-09-23,244.78
ethereum,2018-09-24,228.34
ethereum,2018-09-25,219.5
ethereum,2018-09-26,214.98
ethereum,2018-09-27,229.22
ethereum,2018-09-28,222.23
ethereum,2018-09-29,231.74
ethereum,2018-09-30,232.78
ethereum,2018-10-01,231.14
ethereum,2018-10-02,225.79
ethereum,2018-10-03,220.47
ethereum,2018-10-04,222.2
ethereum,2018-10-05,228.04
ethereum,2018-10-06,225.07
ethereum,2018-10-07,225.66
ethereum,2018-10-08,229.52
ethereum,2018-10-09,227.97
ethereum,2018-10-10,225.66
ethereum,2018-10-11,192.0
ethereum,2018-10-12,197.07
ethereum,2018-10-13,201.05
ethereum,2018-10-14,196.32
ethereum,2018-10-15,212.2
ethereum,2018-10-16,212.44
ethereum,2018-10-17,211.08
ethereum,2018-10-18,204.31
ethereum,2018-10-19,203.98
ethereum,2018-10-20,206.88
ethereum,2018-10-21,206.31
ethereum,2018-10-22,205.04
ethereum,2018-10-23,204.08
ethereum,2018-10-24,203.52
ethereum,2018-10-25,202.35
ethereum,2018-10-26,203.38
ethereum,2018-10-27,203.19
ethereum,2018-10-28,204.72
ethereum,2018-10-29,195.75
ethereum,2018-10-30,197.45
ethereum,2018-10-31,198.64
ethereum,2018-11-01,199.12
ethereum,2018-11-02,202.28
ethereum,2018-11-03,200.14
ethereum,2018-11-04,206.81
ethereum,2018-11-05,209.11
ethereum,2018-11-06,219.16
ethereum,2018-11-07,219.02
ethereum,2018-11-08,213.41
ethereum,2018-11-09,210.79
ethereum,2018-11-10,212.97
ethereum,2018-11-11,212.47
ethereum,2018-11-12,211.66
ethereum,2018-11-13,208.58
ethereum,2018-11-14,184.02
ethereum,2018-11-15,182.45
ethereum,2018-11-16,176.02
ethereum,2018-11-17,175.67
ethereum,2018-11-18,177.73
ethereum,2018-11-19,150.39
ethereum,2018-11-20,131.48
ethereum,2018-11-21,137.17
ethereum,2018-11-22,126.07
ethereum,2018-11-23,124.15
ethereum,2018-11-24,114.29
ethereum,2018-11-25,117.53
ethereum,2018-11-26,109.43
ethereum,2018-11-27,110.43
ethereum,2018-11-28,122.45
ethereum,2018-11-29,117.71
ethereum,2018-11-30,113.4
ethereum,2018-12-01,118.1
ethereum,2018-12-02,115.94
ethereum,2018-12-03,108.68
ethereum,2018-12-04,109.85
ethereum,2018-12-05,102.51
ethereum,2018-12-06,91.1
ethereum,2018-12-07,92.97
ethereum,2018-12-08,90.68
ethereum,2018-12-09,93.53
ethereum,2018-12-10,89.85
ethereum,2018-12-11,87.85
ethereum,2018-12-12,89.38
ethereum,2018-12-13,85.96
ethereum,2018-12-14,83.79
ethereum,2018-12-15,83.83
ethereum,2018-12-16,84.47
ethereum,2018-12-17,94.07
ethereum,2018-12-18,100.05
ethereum,2018-12-19,99.49
ethereum,2018-12-20,114.43
ethereum,2018-12-21,107.85
ethereum,2018-12-22,115.05
ethereum,2018-12-23,129.21
ethereum,2018-12-24,138.96
ethereum,2018-12-25,127.64
ethereum,2018-12-26,129.51
ethereum,2018-12-27,114.1
ethereum,2018-12-28,134.02
ethereum,2018-12-29,138.75
ethereum,2018-12-30,137.63
ethereum,2018-12-31,131.46
ethereum,2019-01-01,138.14
ethereum,2019-01-02,152.86
ethereum,2019-01-03,146.73
ethereum,2019-01-04,153.06
ethereum,2019-01-05,153.65
ethereum,2019-01-06,154.7
ethereum,2019-01-07,149.9
ethereum,2019-01-08,148.15
ethereum,2019-01-09,148.74
ethereum,2019-01-10,126.62
ethereum,2019-01-11,124.63
ethereum,2019-01-12,123.76
ethereum,2019-01-13,114.77
ethereum,2019-01-14,127.41
ethereum,2019-01-15,119.81
ethereum,2019-01-16,122.25
ethereum,2019-01-17,121.93
ethereum,2019-01-18,119.17
ethereum,2019-01-19,122.93
ethereum,2019-01-20,117.61
ethereum,2019-01-21,115.83
ethereum,2019-01-22,117.82
ethereum,2019-01-23,116.42
ethereum,2019-01-24,116.25
ethereum,2019-01-25,115.15
ethereum,2019-01-26,115.34
ethereum,2019-01-27,112.51
ethereum,2019-01-28,105.35
ethereum,2019-01-29,104.6
ethereum,2019-01-30,108.27
ethereum,2019-01-31,106.34
ethereum,2019-02-01,107.01
ethereum,2019-02-02,108.78
ethereum,2019-02-03,107.2
ethereum,2019-02-04,107.62
ethereum,2019-02-05,107.32
ethereum,2019-02-06,104.62
ethereum,2019-02-07,104.27
ethereum,2019-02-08,119.33
ethereum,2019-02-09,119.49
ethereum,2019-02-10,124.89
ethereum,2019-02-11,120.97
ethereum,2019-02-12,122.54
ethereum,2019-02-13,122.09
ethereum,2019-02-14,120.59
ethereum,2019-02-15,121.57
ethereum,2019-02-16,122.94
ethereum,2019-02-17,133.88
ethereum,2019-02-18,145.33
ethereum,2019-02-19,143.66
ethereum,2019-02-20,148.87
ethereum,2019-02-21,145.3
ethereum,2019-02-22,148.04
ethereum,2019-02-23,157.68
ethereum,2019-02-24,134.32
ethereum,2019-02-25,137.82
ethereum,2019-02-26,136.0
ethereum,2019-02-27,134.85
ethereum,2019-02-28,135.49
ethereum,2019-03-01,134.95
ethereum,2019-03-02,132.41
ethereum,2019-03-03,130.54
ethereum,2019-03-04,125.62
ethereum,2019-03-05,136.55
ethereum,2019-03-06,137.33
ethereum,2019-03-07,136.79
ethereum,2019-03-08,133.54
ethereum,2019-03-09,137.2
ethereum,2019-03-10,135.62
ethereum,2019-03-11,132.39
ethereum,2019-03-12,133.29
ethereum,2019-03-13,131.67
ethereum,2019-03-14,132.15
ethereum,2019-03-15,136.45
ethereum,2019-03-16,141.09
ethereum,2019-03-17,138.55
ethereum,2019-03-18,137.66
ethereum,2019-03-19,138.52
ethereum,2019-03-20,139.08
ethereum,2019-03-21,135.06
ethereum,2019-03-22,136.1
ethereum,2019-03-23,137.2
ethereum,2019-03-24,136.06
ethereum,2019-03-25,133.82
ethereum,2019-03-26,134.03
ethereum,2019-03-27,139.64
ethereum,2019-03-28,137.81
ethereum,2019-03-29,143.15
ethereum,2019-03-30,142.29
ethereum,2019-03-31,141.59
ethereum,2019-04-01,141.51
ethereum,2019-04-02,164.05
ethereum,2019-04-03,160.43
ethereum,2019-04-04,157.41
ethereum,2019-04-05,165.14
ethereum,2019-04-06,165.33
ethereum,2019-04-07,174.09
ethereum,2019-04-08,180.01
ethereum,2019-04-09,175.29
ethereum,2019-04-10,177.33
ethereum,2019-04-11,165.04
ethereum,2019-04-12,164.57
ethereum,2019-04-13,163.97
ethereum,2019-04-14,167.62
ethereum,2019-04-15,160.53
ethereum,2019-04-16,166.48
ethereum,2019-04-17,166.33
ethereum,2019-04-18,173.41
ethereum,2019-04-19,173.23
ethereum,2019-04-20,173.17
ethereum,2019-04-21,169.99
ethereum,2019-04-22,171.04
ethereum,2019-04-23,170.91
ethereum,2019-04-24,165.67
ethereum,2019-04-25,153.93
ethereum,2019-04-26,157.38
ethereum,2019-04-27,158.29
ethereum,2019-04-28,156.6
ethereum,2019-04-29,154.08
ethereum,2019-04-30,160.74
ethereum,2019-05-01,159.49
ethereum,2019-05-02,160.96
ethereum,2019-05-03,166.63
ethereum,2019-05-04,162.84
ethereum,2019-05-05,162.37
ethereum,2019-05-06,172.83
ethereum,2019-05-07,170.1
ethereum,2019-05-08,170.11
ethereum,2019-05-09,170.58
ethereum,2019-05-10,172.68
ethereum,2019-05-11,196.69
ethereum,2019-05-12,187.27
ethereum,2019-05-13,196.08
ethereum,2019-05-14,218.28
ethereum,2019-05-15,248.75
ethereum,2019-05-16,264.9
ethereum,2019-05-17,243.57
ethereum,2019-05-18,235.33
ethereum,2019-05-19,260.6
ethereum,2019-05-20,251.96
ethereum,2019-05-21,256.08
ethereum,2019-05-22,244.55
ethereum,2019-05-23,244.65
ethereum,2019-05-24,248.55
ethereum,2019-05-25,250.82
ethereum,2019-05-26,266.12
ethereum,2019-05-27,273.41
ethereum,2019-05-28,271.23
ethereum,2019-05-29,268.79
ethereum,2019-05-30,255.38
ethereum,2019-05-31,268.13
ethereum,2019-06-01,264.73
ethereum,2019-06-02,269.94
ethereum,2019-06-03,251.75
ethereum,2019-06-04,240.24
ethereum,2019-06-05,246.83
ethereum,2019-06-06,249.97
ethereum,2019-06-07,250.64
ethereum,2019-06-08,244.63
ethereum,2019-06-09,232.04
ethereum,2019-06-10,247.25
ethereum,2019-06-11,245.09
ethereum,2019-06-12,260.57
ethereum,2019-06-13,255.12
ethereum,2019-06-14,263.93
ethereum,2019-06-15,268.11
ethereum,2019-06-16,269.07
ethereum,2019-06-17,273.12
ethereum,2019-06-18,264.79
ethereum,2019-06-19,269.15
ethereum,2019-06-20,272.33
ethereum,2019-06-21,294.48
ethereum,2019-06-22,310.65
ethereum,2019-06-23,307.95
ethereum,2019-06-24,311.07
ethereum,2019-06-25,318.64
ethereum,2019-06-26,337.34
ethereum,2019-06-27,295.84
ethereum,2019-06-28,309.95
ethereum,2019-06-29,321.43
ethereum,2019-06-30,292.84
ethereum,2019-07-01,295.26
ethereum,2019-07-02,290.96
ethereum,2019-07-03,304.17
ethereum,2019-07-04,285.22
ethereum,2019-07-05,287.99
ethereum,2019-07-06,289.58
ethereum,2019-07-07,305.34
ethereum,2019-07-08,312.47
ethereum,2019-07-09,307.78
ethereum,2019-07-10,290.01
ethereum,2019-07-11,268.64
ethereum,2019-07-12,275.81
ethereum,2019-07-13,270.31
ethereum,2019-07-14,227.12
ethereum,2019-07-15,230.18
ethereum,2019-07-16,199.94
ethereum,2019-07-17,210.84
ethereum,2019-07-18,226.3
ethereum,2019-07-19,221.11
ethereum,2019-07-20,228.96
ethereum,2019-07-21,226.15
ethereum,2019-07-22,217.65
ethereum,2019-07-23,213.5
ethereum,2019-07-24,217.2
ethereum,2019-07-25,219.49
ethereum,2019-07-26,219.58
ethereum,2019-07-27,206.53
ethereum,2019-07-28,211.23
ethereum,2019-07-29,210.82
ethereum,2019-07-30,209.65
ethereum,2019-07-31,218.61
ethereum,2019-08-01,216.63
ethereum,2019-08-02,217.8
ethereum,2019-08-03,221.42
ethereum,2019-08-04,221.99
ethereum,2019-08-05,232.82
ethereum,2019-08-06,227.02
ethereum,2019-08-07,226.4
ethereum,2019-08-08,222.0
ethereum,2019-08-09,210.15
ethereum,2019-08-10,206.5
ethereum,2019-08-11,216.49
ethereum,2019-08-12,211.11
ethereum,2019-08-13,209.27
ethereum,2019-08-14,185.66
ethereum,2019-08-15,188.15
ethereum,2019-08-16,185.15
ethereum,2019-08-17,185.76
ethereum,2019-08-18,194.36
ethereum,2019-08-19,202.96
ethereum,2019-08-20,196.27
ethereum,2019-08-21,187.02
ethereum,2019-08-22,191.52
ethereum,2019-08-23,194.21
ethereum,2019-08-24,190.56
ethereum,2019-08-25,186.32
ethereum,2019-08-26,188.38
ethereum,2019-08-27,186.97
ethereum,2019-08-28,173.03
ethereum,2019-08-29,168.8
ethereum,2019-08-30,168.67
ethereum,2019-08-31,172.07
ethereum,2019-09-01,170.73
ethereum,2019-09-02,177.72
ethereum,2019-09-03,178.83
ethereum,2019-09-04,174.78
ethereum,2019-09-05,174.19
ethereum,2019-09-06,169.42
ethereum,2019-09-07,177.85
ethereum,2019-09-08,181.48
ethereum,2019-09-09,181.01
ethereum,2019-09-10,180.15
ethereum,2019-09-11,178.08
ethereum,2019-09-12,181.01
ethereum,2019-09-13,181.21
ethereum,2019-09-14,188.31
ethereum,2019-09-15,189.26
ethereum,2019-09-16,197.61
ethereum,2019-09-17,209.21
ethereum,2019-09-18,210.25
ethereum,2019-09-19,221.74
ethereum,2019-09-20,217.95
ethereum,2019-09-21,215.35
ethereum,2019-09-22,211.62
ethereum,2019-09-23,201.0
ethereum,2019-09-24,168.67
ethereum,2019-09-25,170.29
ethereum,2019-09-26,166.22
ethereum,2019-09-27,173.9
ethereum,2019-09-28,174.08
ethereum,2019-09-29,169.69
ethereum,2019-09-30,179.76
ethereum,2019-10-01,180.63
ethereum,2019-10-02,180.58
ethereum,2019-10-03,176.86
ethereum,2019-10-04,175.86
ethereum,2019-10-05,176.28
ethereum,2019-10-06,170.45
ethereum,2019-10-07,180.14
ethereum,2019-10-08,180.79
ethereum,2019-10-09,193.34
ethereum,2019-10-10,191.04
ethereum,2019-10-11,180.55
ethereum,2019-10-12,179.95
ethereum,2019-10-13,181.29
ethereum,2019-10-14,186.62
ethereum,2019-10-15,180.75
ethereum,2019-10-16,175.05
ethereum,2019-10-17,177.48
ethereum,2019-10-18,172.89
ethereum,2019-10-19,171.85
ethereum,2019-10-20,175.21
ethereum,2019-10-21,174.35
ethereum,2019-10-22,171.43
ethereum,2019-10-23,161.58
ethereum,2019-10-24,160.68
ethereum,2019-10-25,181.45
ethereum,2019-10-26,179.54
ethereum,2019-10-27,183.58
ethereum,2019-10-28,181.86
ethereum,2019-10-29,190.51
ethereum,2019-10-30,183.13
ethereum,2019-10-31,182.76
ethereum,2019-11-01,183.06
ethereum,2019-11-02,183.22
ethereum,2019-11-03,181.82
ethereum,2019-11-04,185.76
ethereum,2019-11-05,189.17
ethereum,2019-11-06,191.3
ethereum,2019-11-07,186.82
ethereum,2019-11-08,183.67
ethereum,2019-11-09,184.96
ethereum,2019-11-10,189.04
ethereum,2019-11-11,184.84
ethereum,2019-11-12,186.87
ethereum,2019-11-13,187.84
ethereum,2019-11-14,184.79
ethereum,2019-11-15,180.17
ethereum,2019-11-16,182.63
ethereum,2019-11-17,183.99
ethereum,2019-11-18,178.39
ethereum,2019-11-19,175.82
ethereum,2019-11-20,174.8
ethereum,2019-11-21,161.15
ethereum,2019-11-22,149.93
ethereum,2019-11-23,151.97
ethereum,2019-11-24,140.25
ethereum,2019-11-25,146.35
ethereum,2019-11-26,147.58
ethereum,2019-11-27,152.62
ethereum,2019-11-28,150.91
ethereum,2019-11-29,154.26
ethereum,2019-11-30,151.74
ethereum,2019-12-01,151.02
ethereum,2019-12-02,148.87
ethereum,2019-12-03,147.13
ethereum,2019-12-04,145.4
ethereum,2019-12-05,147.8
ethereum,2019-12-06,148.61
ethereum,2019-12-07,147.15
ethereum,2019-12-08,150.29
ethereum,2019-12-09,147.43
ethereum,2019-12-10,145.57
ethereum,2019-12-11,143.12
ethereum,2019-12-12,145.03
ethereum,2019-12-13,144.62
ethereum,2019-12-14,141.84
ethereum,2019-12-15,142.21
ethereum,2019-12-16,132.72
ethereum,2019-12-17,121.77
ethereum,2019-12-18,132.74
ethereum,2019-12-19,128.08
ethereum,2019-12-20,128.27
ethereum,2019-12-21,126.93
ethereum,2019-12-22,132.18
ethereum,2019-12-23,128.17
ethereum,2019-12-24,127.73
ethereum,2019-12-25,125.02
ethereum,2019-12-26,125.61
ethereum,2019-12-27,126.33
ethereum,2019-12-28,128.07
ethereum,2019-12-29,134.32
ethereum,2019-12-30,131.46
ethereum,2019-12-31,129.19
ethereum,2020-01-01,130.48
ethereum,2020-01-02,127.05
ethereum,2020-01-03,133.7
ethereum,2020-01-04,134.14
ethereum,2020-01-05,135.01
ethereum,2020-01-06,143.81
ethereum,2020-01-07,143.02
ethereum,2020-01-08,140.27
ethereum,2020-01-09,137.86
ethereum,2020-01-10,144.6
ethereum,2020-01-11,142.18
ethereum,2020-01-12,145.42
ethereum,2020-01-13,143.59
ethereum,2020-01-14,165.99
ethereum,2020-01-15,166.25
ethereum,2020-01-16,163.81
ethereum,2020-01-17,171.16
ethereum,2020-01-18,174.24
ethereum,2020-01-19,166.63
ethereum,2020-01-20,166.94
ethereum,2020-01-21,169.28
ethereum,2020-01-22,167.83
ethereum,2020-01-23,162.52
ethereum,2020-01-24,162.41
ethereum,2020-01-25,160.67
ethereum,2020-01-26,167.65
ethereum,2020-01-27,169.74
ethereum,2020-01-28,175.19
ethereum,2020-01-29,173.71
ethereum,2020-01-30,184.73
ethereum,2020-01-31,179.23
ethereum,2020-02-01,183.34
ethereum,2020-02-02,188.55
ethereum,2020-02-03,189.86
ethereum,2020-02-04,188.84
ethereum,2020-02-05,203.86
ethereum,2020-02-06,212.73
ethereum,2020-02-07,223.28
ethereum,2020-02-08,223.3
ethereum,2020-02-09,228.29
ethereum,2020-02-10,224.15
ethereum,2020-02-11,236.79
ethereum,2020-02-12,264.03
ethereum,2020-02-13,267.67
ethereum,2020-02-14,284.23
ethereum,2020-02-15,263.9
ethereum,2020-02-16,262.16
ethereum,2020-02-17,267.94
ethereum,2020-02-18,281.95
ethereum,2020-02-19,259.18
ethereum,2020-02-20,257.99
ethereum,2020-02-21,265.16
ethereum,2020-02-22,261.0
ethereum,2020-02-23,274.63
ethereum,2020-02-24,265.24
ethereum,2020-02-25,248.32
ethereum,2020-02-26,224.81
ethereum,2020-02-27,225.43
ethereum,2020-02-28,227.71
ethereum,2020-02-29,218.35
ethereum,2020-03-01,218.94
ethereum,2020-03-02,231.68
ethereum,2020-03-03,223.96
ethereum,2020-03-04,224.13
ethereum,2020-03-05,228.08
ethereum,2020-03-06,244.24
ethereum,2020-03-07,237.38
ethereum,2020-03-08,198.82
ethereum,2020-03-09,200.85
ethereum,2020-03-10,200.75
ethereum,2020-03-11,194.22
ethereum,2020-03-12,110.6
ethereum,2020-03-13,132.57
ethereum,2020-03-14,123.03
ethereum,2020-03-15,124.6
ethereum,2020-03-16,110.99
ethereum,2020-03-17,117.22
ethereum,2020-03-18,117.7
ethereum,2020-03-19,136.81
ethereum,2020-03-20,131.96
ethereum,2020-03-21,131.94
ethereum,2020-03-22,122.52
ethereum,2020-03-23,135.59
ethereum,2020-03-24,138.78
ethereum,2020-03-25,136.23
ethereum,2020-03-26,138.77
ethereum,2020-03-27,130.29
ethereum,2020-03-28,131.42
ethereum,2020-03-29,125.32
ethereum,2020-03-30,132.36
ethereum,2020-03-31,133.24
ethereum,2020-04-01,136.22
ethereum,2020-04-02,141.45
ethereum,2020-04-03,141.26
ethereum,2020-04-04,144.2
ethereum,2020-04-05,142.85
ethereum,2020-04-06,169.86
ethereum,2020-04-07,164.52
ethereum,2020-04-08,172.8
ethereum,2020-04-09,170.1
ethereum,2020-04-10,157.74
ethereum,2020-04-11,158.33
ethereum,2020-04-12,158.86
ethereum,2020-04-13,156.7
ethereum,2020-04-14,158.27
ethereum,2020-04-15,153.22
ethereum,2020-04-16,171.78
ethereum,2020-04-17,170.45
ethereum,2020-04-18,187.14
ethereum,2020-04-19,180.06
ethereum,2020-04-20,170.7
ethereum,2020-04-21,170.45
ethereum,2020-04-22,182.28
ethereum,2020-04-23,184.59
ethereum,2020-04-24,187.34
ethereum,2020-04-25,194.11
ethereum,2020-04-26,197.23
ethereum,2020-04-27,196.46
ethereum,2020-04-28,197.15
ethereum,2020-04-29,215.55
ethereum,2020-04-30,205.56
ethereum,2020-05-01,211.97
ethereum,2020-05-02,213.94
ethereum,2020-05-03,210.02
ethereum,2020-05-04,206.83
ethereum,2020-05-05,205.23
ethereum,2020-05-06,200.25
ethereum,2020-05-07,212.29
ethereum,2020-05-08,211.69
ethereum,2020-05-09,210.43
ethereum,2020-05-10,188.14
ethereum,2020-05-11,185.67
ethereum,2020-05-12,189.31
ethereum,2020-05-13,199.37
ethereum,2020-05-14,203.21
ethereum,2020-05-15,194.27
ethereum,2020-05-16,200.58
ethereum,2020-05-17,206.77
ethereum,2020-05-18,214.36
ethereum,2020-05-19,213.69
ethereum,2020-05-20,209.92
ethereum,2020-05-21,198.92
ethereum,2020-05-22,206.23
ethereum,2020-05-23,206.41
ethereum,2020-05-24,200.69
ethereum,2020-05-25,203.81
ethereum,2020-05-26,200.96
ethereum,2020-05-27,207.85
ethereum,2020-05-28,219.59
ethereum,2020-05-29,220.49
ethereum,2020-05-30,242.71
ethereum,2020-05-31,232.33
ethereum,2020-06-01,248.04
ethereum,2020-06-02,237.27
ethereum,2020-06-03,244.13
ethereum,2020-06-04,243.71
ethereum,2020-06-05,240.25
ethereum,2020-06-06,242.02
ethereum,2020-06-07,244.23
ethereum,2020-06-08,246.21
ethereum,2020-06-09,243.85
ethereum,2020-06-10,247.54
ethereum,2020-06-11,232.0
ethereum,2020-06-12,237.59
ethereum,2020-06-13,238.29
ethereum,2020-06-14,232.11
ethereum,2020-06-15,231.02
ethereum,2020-06-16,235.29
ethereum,2020-06-17,233.86
ethereum,2020-06-18,231.68
ethereum,2020-06-19,228.96
ethereum,2020-06-20,228.87
ethereum,2020-06-21,227.79
ethereum,2020-06-22,243.36
ethereum,2020-06-23,243.08
ethereum,2020-06-24,234.56
ethereum,2020-06-25,232.65
ethereum,2020-06-26,229.64
ethereum,2020-06-27,221.03
ethereum,2020-06-28,225.12
ethereum,2020-06-29,228.21
ethereum,2020-06-30,225.59
ethereum,2020-07-01,230.66
ethereum,2020-07-02,226.57
ethereum,2020-07-03,225.18
ethereum,2020-07-04,229.09
ethereum,2020-07-05,227.9
ethereum,2020-07-06,241.53
ethereum,2020-07-07,238.96
ethereum,2020-07-08,246.86
ethereum,2020-07-09,241.98
ethereum,2020-07-10,240.95
ethereum,2020-07-11,239.1
ethereum,2020-07-12,241.77
ethereum,2020-07-13,239.64
ethereum,2020-07-14,240.25
ethereum,2020-07-15,238.66
ethereum,2020-07-16,233.84
ethereum,2020-07-17,232.78
ethereum,2020-07-18,235.68
ethereum,2020-07-19,238.9
ethereum,2020-07-20,236.06
ethereum,2020-07-21,245.23
ethereum,2020-07-22,263.76
ethereum,2020-07-23,274.72
ethereum,2020-07-24,279.43
ethereum,2020-07-25,305.04
ethereum,2020-07-26,310.52
ethereum,2020-07-27,320.48
ethereum,2020-07-28,316.41
ethereum,2020-07-29,317.54
ethereum,2020-07-30,334.74
ethereum,2020-07-31,346.0
ethereum,2020-08-01,387.94
ethereum,2020-08-02,370.73
ethereum,2020-08-03,386.25
ethereum,2020-08-04,389.38
ethereum,2020-08-05,400.18
ethereum,2020-08-06,394.54
ethereum,2020-08-07,379.14
ethereum,2020-08-08,391.48
ethereum,2020-08-09,389.62
ethereum,2020-08-10,395.21
ethereum,2020-08-11,379.17
ethereum,2020-08-12,387.5
ethereum,2020-08-13,427.49
ethereum,2020-08-14,438.76
ethereum,2020-08-15,432.65
ethereum,2020-08-16,433.43
ethereum,2020-08-17,430.03
ethereum,2020-08-18,422.11
ethereum,2020-08-19,406.57
ethereum,2020-08-20,416.47
ethereum,2020-08-21,386.82
ethereum,2020-08-22,395.89
ethereum,2020-08-23,390.79
ethereum,2020-08-24,408.27
ethereum,2020-08-25,383.66
ethereum,2020-08-26,385.75
ethereum,2020-08-27,381.84
ethereum,2020-08-28,395.14
ethereum,2020-08-29,399.37
ethereum,2020-08-30,428.3
ethereum,2020-08-31,435.69
ethereum,2020-09-01,475.68
ethereum,2020-09-02,439.35
ethereum,2020-09-03,383.69
ethereum,2020-09-04,387.9
ethereum,2020-09-05,334.47
ethereum,2020-09-06,352.99
ethereum,2020-09-07,351.88
ethereum,2020-09-08,337.85
ethereum,2020-09-09,351.23
ethereum,2020-09-10,367.64
ethereum,2020-09-11,373.91
ethereum,2020-09-12,387.72
ethereum,2020-09-13,365.7
ethereum,2020-09-14,376.39
ethereum,2020-09-15,364.69
ethereum,2020-09-16,365.13
ethereum,2020-09-17,388.8
ethereum,2020-09-18,383.17
ethereum,2020-09-19,385.47
ethereum,2020-09-20,370.97
ethereum,2020-09-21,341.28
ethereum,2020-09-22,343.92
ethereum,2020-09-23,321.08
ethereum,2020-09-24,348.82
ethereum,2020-09-25,351.33
ethereum,2020-09-26,354.26
ethereum,2020-09-27,357.07
ethereum,2020-09-28,354.43
ethereum,2020-09-29,359.43
ethereum,2020-09-30,359.6
ethereum,2020-10-01,353.2
ethereum,2020-10-02,345.91
ethereum,2020-10-03,345.99
ethereum,2020-10-04,352.46
ethereum,2020-10-05,353.6
ethereum,2020-10-06,340.62
ethereum,2020-10-07,341.44
ethereum,2020-10-08,350.06
ethereum,2020-10-09,365.34
ethereum,2020-10-10,370.47
ethereum,2020-10-11,374.5
ethereum,2020-10-12,387.26
ethereum,2020-10-13,381.17
ethereum,2020-10-14,379.21
ethereum,2020-10-15,377.16
ethereum,2020-10-16,365.99
ethereum,2020-10-17,368.65
ethereum,2020-10-18,378.05
ethereum,2020-10-19,379.64
ethereum,2020-10-20,368.23
ethereum,2020-10-21,391.17
ethereum,2020-10-22,413.2
ethereum,2020-10-23,408.89
ethereum,2020-10-24,411.96
ethereum,2020-10-25,406.16
ethereum,2020-10-26,393.38
ethereum,2020-10-27,403.53
ethereum,2020-10-28,388.88
ethereum,2020-10-29,386.45
ethereum,2020-10-30,382.9
ethereum,2020-10-31,385.84
ethereum,2020-11-01,394.94
ethereum,2020-11-02,383.85
ethereum,2020-11-03,387.62
ethereum,2020-11-04,401.73
ethereum,2020-11-05,415.93
ethereum,2020-11-06,454.65
ethereum,2020-11-07,435.42
ethereum,2020-11-08,455.36
ethereum,2020-11-09,445.05
ethereum,2020-11-10,449.82
ethereum,2020-11-11,463.18
ethereum,2020-11-12,462.21
ethereum,2020-11-13,475.97
ethereum,2020-11-14,462.72
ethereum,2020-11-15,449.21
ethereum,2020-11-16,461.37
ethereum,2020-11-17,482.2
ethereum,2020-11-18,479.44
ethereum,2020-11-19,471.32
ethereum,2020-11-20,508.79
ethereum,2020-11-21,548.84
ethereum,2020-11-22,560.51
ethereum,2020-11-23,608.27
ethereum,2020-11-24,602.67
ethereum,2020-11-25,568.28
ethereum,2020-11-26,518.47
ethereum,2020-11-27,517.55
ethereum,2020-11-28,537.39
ethereum,2020-11-29,574.75
ethereum,2020-11-30,612.26
ethereum,2020-12-01,589.58
ethereum,2020-12-02,598.76
ethereum,2020-12-03,616.51
ethereum,2020-12-04,571.19
ethereum,2020-12-05,595.92
ethereum,2020-12-06,601.97
ethereum,2020-12-07,592.39
ethereum,2020-12-08,554.33
ethereum,2020-12-09,573.9
ethereum,2020-12-10,560.45
ethereum,2020-12-11,545.98
ethereum,2020-12-12,568.36
ethereum,2020-12-13,590.32
ethereum,2020-12-14,585.54
ethereum,2020-12-15,589.07
ethereum,2020-12-16,635.96
ethereum,2020-12-17,644.07
ethereum,2020-12-18,654.42
ethereum,2020-12-19,659.32
ethereum,2020-12-20,639.52
ethereum,2020-12-21,610.43
ethereum,2020-12-22,634.98
ethereum,2020-12-23,587.96
ethereum,2020-12-24,612.88
ethereum,2020-12-25,626.46
ethereum,2020-12-26,636.74
ethereum,2020-12-27,689.66
ethereum,2020-12-28,732.96
ethereum,2020-12-29,735.59
ethereum,2020-12-30,752.86
ethereum,2020-12-31,738.62
ethereum,2021-01-01,730.15
ethereum,2021-01-02,777.7
ethereum,2021-01-03,967.0
ethereum,2021-01-04,1025.65
ethereum,2021-01-05,1103.36
ethereum,2021-01-06,1208.58
ethereum,2021-01-07,1229.47
ethereum,2021-01-08,1223.73
ethereum,2021-01-09,1282.98
ethereum,2021-01-10,1267.73
ethereum,2021-01-11,1092.91
ethereum,2021-01-12,1045.41
ethereum,2021-01-13,1132.02
ethereum,2021-01-14,1216.91
ethereum,2021-01-15,1171.86
ethereum,2021-01-16,1234.63
ethereum,2021-01-17,1229.38
ethereum,2021-01-18,1255.98
ethereum,2021-01-19,1383.48
ethereum,2021-01-20,1385.85
ethereum,2021-01-21,1122.91
ethereum,2021-01-22,1236.68
ethereum,2021-01-23,1231.18
ethereum,2021-01-24,1392.54
ethereum,2021-01-25,1323.43
ethereum,2021-01-26,1355.23
ethereum,2021-01-27,1253.14
ethereum,2021-01-28,1328.77
ethereum,2021-01-29,1380.28
ethereum,2021-01-30,1372.43
ethereum,2021-01-31,1317.05
ethereum,2021-02-01,1368.66
ethereum,2021-02-02,1514.23
ethereum,2021-02-03,1661.0
ethereum,2021-02-04,1587.8
ethereum,2021-02-05,1724.86
ethereum,2021-02-06,1683.94
ethereum,2021-02-07,1608.64
ethereum,2021-02-08,1751.0
ethereum,2021-02-09,1769.05
ethereum,2021-02-10,1739.16
ethereum,2021-02-11,1782.51
ethereum,2021-02-12,1841.2
ethereum,2021-02-13,1810.84
ethereum,2021-02-14,1804.98
ethereum,2021-02-15,1775.76
ethereum,2021-02-16,1782.58
ethereum,2021-02-17,1845.57
ethereum,2021-02-18,1938.57
ethereum,2021-02-19,1969.98
ethereum,2021-02-20,1929.37
ethereum,2021-02-21,1941.43
ethereum,2021-02-22,1788.62
ethereum,2021-02-23,1563.92
ethereum,2021-02-24,1628.39
ethereum,2021-02-25,1468.86
ethereum,2021-02-26,1450.99
ethereum,2021-02-27,1480.13
ethereum,2021-02-28,1416.66
ethereum,2021-03-01,1570.4
ethereum,2021-03-02,1497.09
ethereum,2021-03-03,1579.43
ethereum,2021-03-04,1546.5
ethereum,2021-03-05,1539.05
ethereum,2021-03-06,1661.93
ethereum,2021-03-07,1727.46
ethereum,2021-03-08,1837.53
ethereum,2021-03-09,1869.33
ethereum,2021-03-10,1802.31
ethereum,2021-03-11,1826.06
ethereum,2021-03-12,1770.94
ethereum,2021-03-13,1927.72
ethereum,2021-03-14,1866.07
ethereum,2021-03-15,1791.05
ethereum,2021-03-16,1808.55
ethereum,2021-03-17,1828.75
ethereum,2021-03-18,1780.16
ethereum,2021-03-19,1817.13
ethereum,2021-03-20,1817.86
ethereum,2021-03-21,1790.38
ethereum,2021-03-22,1686.89
ethereum,2021-03-23,1673.86
ethereum,2021-03-24,1581.63
ethereum,2021-03-25,1587.3
ethereum,2021-03-26,1700.37
ethereum,2021-03-27,1713.84
ethereum,2021-03-28,1689.04
ethereum,2021-03-29,1817.63
ethereum,2021-03-30,1840.29
ethereum,2021-03-31,1915.83
ethereum,2021-04-01,1970.47
ethereum,2021-04-02,2134.1
ethereum,2021-04-03,2016.67
ethereum,2021-04-04,2077.76
ethereum,2021-04-05,2097.8
ethereum,2021-04-06,2115.06
ethereum,2021-04-07,1989.15
ethereum,2021-04-08,2081.35
ethereum,2021-04-09,2069.67
ethereum,2021-04-10,2142.8
ethereum,2021-04-11,2150.27
ethereum,2021-04-12,2142.48
ethereum,2021-04-13,2304.34
ethereum,2021-04-14,2429.66
ethereum,2021-04-15,2514.17
ethereum,2021-04-16,2424.55
ethereum,2021-04-17,2345.27
ethereum,2021-04-18,2245.76
ethereum,2021-04-19,2168.03
ethereum,2021-04-20,2324.28
ethereum,2021-04-21,2373.5
ethereum,2021-04-22,2426.07
ethereum,2021-04-23,2364.23
ethereum,2021-04-24,2212.84
ethereum,2021-04-25,2307.36
ethereum,2021-04-26,2532.39
ethereum,2021-04-27,2647.16
ethereum,2021-04-28,2748.78
ethereum,2021-04-29,2757.5
ethereum,2021-04-30,2776.7
ethereum,2021-05-01,2944.92
ethereum,2021-05-02,2953.3
ethereum,2021-05-03,3439.86
ethereum,2021-05-04,3245.66
ethereum,2021-05-05,3524.56
ethereum,2021-05-06,3495.08
ethereum,2021-05-07,3493.53
ethereum,2021-05-08,3912.74
ethereum,2021-05-09,3932.75
ethereum,2021-05-10,3979.61
ethereum,2021-05-11,4182.79
ethereum,2021-05-12,3906.11
ethereum,2021-05-13,3750.34
ethereum,2021-05-14,4088.73
ethereum,2021-05-15,3659.92
ethereum,2021-05-16,3602.0
ethereum,2021-05-17,3288.23
ethereum,2021-05-18,3399.05
ethereum,2021-05-19,2505.01
ethereum,2021-05-20,2778.28
ethereum,2021-05-21,2419.1
ethereum,2021-05-22,2306.37
ethereum,2021-05-23,2120.04
ethereum,2021-05-24,2640.16
ethereum,2021-05-25,2695.48
ethereum,2021-05-26,2882.48
ethereum,2021-05-27,2742.99
ethereum,2021-05-28,2433.33
ethereum,2021-05-29,2294.63
ethereum,2021-05-30,2395.85
ethereum,2021-05-31,2708.43
ethereum,2021-06-01,2632.66
ethereum,2021-06-02,2717.15
ethereum,2021-06-03,2858.28
ethereum,2021-06-04,2694.5
ethereum,2021-06-05,2624.77
ethereum,2021-06-06,2711.55
ethereum,2021-06-07,2580.54
ethereum,2021-06-08,2528.02
ethereum,2021-06-09,2620.63
ethereum,2021-06-10,2486.6
ethereum,2021-06-11,2356.63
ethereum,2021-06-12,2379.99
ethereum,2021-06-13,2517.77
ethereum,2021-06-14,2587.38
ethereum,2021-06-15,2561.19
ethereum,2021-06-16,2365.87
ethereum,2021-06-17,2380.74
ethereum,2021-06-18,2231.55
ethereum,2021-06-19,2176.31
ethereum,2021-06-20,2251.56
ethereum,2021-06-21,1900.12
ethereum,2021-06-22,1875.36
ethereum,2021-06-23,1971.11
ethereum,2021-06-24,1990.08
ethereum,2021-06-25,1833.46
ethereum,2021-06-26,1817.05
ethereum,2021-06-27,1973.93
ethereum,2021-06-28,2087.52
ethereum,2021-06-29,2169.4
ethereum,2021-06-30,2279.35
ethereum,2021-07-01,2121.66
ethereum,2021-07-02,2157.88
ethereum,2021-07-03,2228.53
ethereum,2021-07-04,2329.0
ethereum,2021-07-05,2217.3
ethereum,2021-07-06,2320.65
ethereum,2021-07-07,2317.24
ethereum,2021-07-08,2126.44
ethereum,2021-07-09,2156.58
ethereum,2021-07-10,2123.06
ethereum,2021-07-11,2144.01
ethereum,2021-07-12,2042.5
ethereum,2021-07-13,1944.4
ethereum,2021-07-14,1997.66
ethereum,2021-07-15,1910.73
ethereum,2021-07-16,1874.2
ethereum,2021-07-17,1899.84
ethereum,2021-07-18,1905.72
ethereum,2021-07-19,1824.93
ethereum,2021-07-20,1794.97
ethereum,2021-07-21,2003.72
ethereum,2021-07-22,2027.53
ethereum,2021-07-23,2117.15
ethereum,2021-07-24,2183.63
ethereum,2021-07-25,2209.5
ethereum,2021-07-26,2230.21
ethereum,2021-07-27,2292.58
ethereum,2021-07-28,2299.69
ethereum,2021-07-29,2383.44
ethereum,2021-07-30,2462.4
ethereum,2021-07-31,2541.67
ethereum,2021-08-01,2555.41
ethereum,2021-08-02,2611.67
ethereum,2021-08-03,2521.27
ethereum,2021-08-04,2724.53
ethereum,2021-08-05,2821.65
ethereum,2021-08-06,2888.73
ethereum,2021-08-07,3151.22
ethereum,2021-08-08,3012.31
ethereum,2021-08-09,3163.06
ethereum,2021-08-10,3147.84
ethereum,2021-08-11,3166.65
ethereum,2021-08-12,3048.41
ethereum,2021-08-13,3323.2
ethereum,2021-08-14,3268.55
ethereum,2021-08-15,3309.75
ethereum,2021-08-16,3153.58
ethereum,2021-08-17,3007.14
ethereum,2021-08-18,3037.23
ethereum,2021-08-19,3144.82
ethereum,2021-08-20,3276.97
ethereum,2021-08-21,3224.0
ethereum,2021-08-22,3243.49
ethereum,2021-08-23,3320.41
ethereum,2021-08-24,3177.66
ethereum,2021-08-25,3231.44
ethereum,2021-08-26,3122.97
ethereum,2021-08-27,3267.54
ethereum,2021-08-28,3245.43
ethereum,2021-08-29,3233.38
ethereum,2021-08-30,3232.73
ethereum,2021-08-31,3440.56
ethereum,2021-09-01,3790.61
ethereum,2021-09-02,3793.3
ethereum,2021-09-03,3936.16
ethereum,2021-09-04,3894.94
ethereum,2021-09-05,3950.27
ethereum,2021-09-06,3943.26
ethereum,2021-09-07,3440.34
ethereum,2021-09-08,3496.86
ethereum,2021-09-09,3435.98
ethereum,2021-09-10,3209.92
ethereum,2021-09-11,3268.1
ethereum,2021-09-12,3417.84
ethereum,2021-09-13,3301.19
ethereum,2021-09-14,3425.25
ethereum,2021-09-15,3595.96
ethereum,2021-09-16,3573.31
ethereum,2021-09-17,3412.18
ethereum,2021-09-18,3427.58
ethereum,2021-09-19,3335.88
ethereum,2021-09-20,2977.32
ethereum,2021-09-21,2744.11
ethereum,2021-09-22,3074.12
ethereum,2021-09-23,3159.27
ethereum,2021-09-24,2930.74
ethereum,2021-09-25,2946.97
ethereum,2021-09-26,3063.32
ethereum,2021-09-27,2939.74
ethereum,2021-09-28,2798.98
ethereum,2021-09-29,2855.61
ethereum,2021-09-30,3013.49
ethereum,2021-10-01,3305.11
ethereum,2021-10-02,3393.92
ethereum,2021-10-03,3426.39
ethereum,2021-10-04,3390.31
ethereum,2021-10-05,3520.34
ethereum,2021-10-06,3592.18
ethereum,2021-10-07,3594.92
ethereum,2021-10-08,3558.55
ethereum,2021-10-09,3588.08
ethereum,2021-10-10,3431.02
ethereum,2021-10-11,3537.84
ethereum,2021-10-12,3498.11
ethereum,2021-10-13,3605.65
ethereum,2021-10-14,3794.52
ethereum,2021-10-15,3885.64
ethereum,2021-10-16,3854.5
ethereum,2021-10-17,3854.22
ethereum,2021-10-18,3752.62
ethereum,2021-10-19,3884.59
ethereum,2021-10-20,4170.11
ethereum,2021-10-21,4074.86
ethereum,2021-10-22,3990.71
ethereum,2021-10-23,4179.44
ethereum,2021-10-24,4094.94
ethereum,2021-10-25,4230.21
ethereum,2021-10-26,4152.57
ethereum,2021-10-27,3944.09
ethereum,2021-10-28,4288.1
ethereum,2021-10-29,4422.94
ethereum,2021-10-30,4324.61
ethereum,2021-10-31,4292.04
ethereum,2021-11-01,4330.55
ethereum,2021-11-02,4596.59
ethereum,2021-11-03,4607.7
ethereum,2021-11-04,4550.01
ethereum,2021-11-05,4494.8
ethereum,2021-11-06,4527.1
ethereum,2021-11-07,4626.63
ethereum,2021-11-08,4815.0
ethereum,2021-11-09,4742.08
ethereum,2021-11-10,4641.53
ethereum,2021-11-11,4732.92
ethereum,2021-11-12,4685.11
ethereum,2021-11-13,4666.5
ethereum,2021-11-14,4652.95
ethereum,2021-11-15,4583.21
ethereum,2021-11-16,4243.35
ethereum,2021-11-17,4302.8
ethereum,2021-11-18,3993.85
ethereum,2021-11-19,4317.6
ethereum,2021-11-20,4436.19
ethereum,2021-11-21,4319.36
ethereum,2021-11-22,4101.06
ethereum,2021-11-23,4355.42
ethereum,2021-11-24,4269.44
ethereum,2021-11-25,4515.84
ethereum,2021-11-26,4048.31
ethereum,2021-11-27,4084.09
ethereum,2021-11-28,4290.09
ethereum,2021-11-29,4444.53
ethereum,2021-11-30,4637.12
ethereum,2021-12-01,4589.61
ethereum,2021-12-02,4519.44
ethereum,2021-12-03,4240.16
ethereum,2021-12-04,4101.66
ethereum,2021-12-05,4198.57
ethereum,2021-12-06,4347.62
ethereum,2021-12-07,4310.57
ethereum,2021-12-08,4431.54
ethereum,2021-12-09,4153.33
ethereum,2021-12-10,3918.2
ethereum,2021-12-11,4079.81
ethereum,2021-12-12,4135.84
ethereum,2021-12-13,3782.9
ethereum,2021-12-14,3858.16
ethereum,2021-12-15,4015.72
ethereum,2021-12-16,3971.56
ethereum,2021-12-17,3886.75
ethereum,2021-12-18,3966.43
ethereum,2021-12-19,3928.84
ethereum,2021-12-20,3950.48
ethereum,2021-12-21,4036.55
ethereum,2021-12-22,3992.59
ethereum,2021-12-23,4113.53
ethereum,2021-12-24,4055.12
ethereum,2021-12-25,4110.57
ethereum,2021-12-26,4075.03
ethereum,2021-12-27,4045.05
ethereum,2021-12-28,3807.36
ethereum,2021-12-29,3644.41
ethereum,2021-12-30,3714.95
ethereum,2021-12-31,3686.4
ethereum,2022-01-01,3780.32
ethereum,2022-01-02,3835.4
ethereum,2022-01-03,3769.4
ethereum,2022-01-04,3794.91
ethereum,2022-01-05,3556.91
ethereum,2022-01-06,3416.83
ethereum,2022-01-07,3201.79
ethereum,2022-01-08,3101.04
ethereum,2022-01-09,3156.97
ethereum,2022-01-10,3086.73
ethereum,2022-01-11,3246.41
ethereum,2022-01-12,3378.04
ethereum,2022-01-13,3256.76
ethereum,2022-01-14,3311.99
ethereum,2022-01-15,3331.25
ethereum,2022-01-16,3356.3
ethereum,2022-01-17,3216.59
ethereum,2022-01-18,3166.45
ethereum,2022-01-19,3097.02
ethereum,2022-01-20,3015.59
ethereum,2022-01-21,2564.34
ethereum,2022-01-22,2407.38
ethereum,2022-01-23,2537.84
ethereum,2022-01-24,2447.83
ethereum,2022-01-25,2465.22
ethereum,2022-01-26,2470.43
ethereum,2022-01-27,2411.86
ethereum,2022-01-28,2551.11
ethereum,2022-01-29,2603.6
ethereum,2022-01-30,2610.18
ethereum,2022-01-31,2689.22
ethereum,2022-02-01,2797.43
ethereum,2022-02-02,2690.32
ethereum,2022-02-03,2667.26
ethereum,2022-02-04,2993.1
ethereum,2022-02-05,3018.67
ethereum,2022-02-06,3062.81
ethereum,2022-02-07,3149.95
ethereum,2022-02-08,3127.44
ethereum,2022-02-09,3240.92
ethereum,2022-02-10,3081.91
ethereum,2022-02-11,2930.56
ethereum,2022-02-12,2918.09
ethereum,2022-02-13,2889.24
ethereum,2022-02-14,2935.65
ethereum,2022-02-15,3179.3
ethereum,2022-02-16,3128.64
ethereum,2022-02-17,2881.61
ethereum,2022-02-18,2792.3
ethereum,2022-02-19,2768.97
ethereum,2022-02-20,2632.49
ethereum,2022-02-21,2574.51
ethereum,2022-02-22,2644.15
ethereum,2022-02-23,2594.7
ethereum,2022-02-24,2599.93
ethereum,2022-02-25,2771.89
ethereum,2022-02-26,2785.34
ethereum,2022-02-27,2629.48
ethereum,2022-02-28,2919.29
ethereum,2022-03-01,2977.28
ethereum,2022-03-02,2953.32
ethereum,2022-03-03,2836.91
ethereum,2022-03-04,2619.36
ethereum,2022-03-05,2668.71
ethereum,2022-03-06,2558.36
ethereum,2022-03-07,2498.66
ethereum,2022-03-08,2576.63
ethereum,2022-03-09,2731.04
ethereum,2022-03-10,2611.46
ethereum,2022-03-11,2562.83
ethereum,2022-03-12,2579.46
ethereum,2022-03-13,2518.49
ethereum,2022-03-14,2591.54
ethereum,2022-03-15,2620.36
ethereum,2022-03-16,2771.76
ethereum,2022-03-17,2817.4
ethereum,2022-03-18,2945.75
ethereum,2022-03-19,2947.23
ethereum,2022-03-20,2860.64
ethereum,2022-03-21,2896.59
ethereum,2022-03-22,2969.78
ethereum,2022-03-23,3028.84
ethereum,2022-03-24,3106.66
ethereum,2022-03-25,3106.07
ethereum,2022-03-26,3140.88
ethereum,2022-03-27,3285.17
ethereum,2022-03-28,3328.93
ethereum,2022-03-29,3401.18
ethereum,2022-03-30,3383.79
ethereum,2022-03-31,3283.3
ethereum,2022-04-01,3451.2
ethereum,2022-04-02,3440.34
ethereum,2022-04-03,3521.58
ethereum,2022-04-04,3520.97
ethereum,2022-04-05,3422.97
ethereum,2022-04-06,3171.37
ethereum,2022-04-07,3232.83
ethereum,2022-04-08,3192.03
ethereum,2022-04-09,3265.94
ethereum,2022-04-10,3219.16
ethereum,2022-04-11,2992.7
ethereum,2022-04-12,3038.21
ethereum,2022-04-13,3121.4
ethereum,2022-04-14,3023.42
ethereum,2022-04-15,3045.43
ethereum,2022-04-16,3066.36
ethereum,2022-04-17,2995.72
ethereum,2022-04-18,3061.89
ethereum,2022-04-19,3104.69
ethereum,2022-04-20,3079.68
ethereum,2022-04-21,2987.49
ethereum,2022-04-22,2967.09
ethereum,2022-04-23,2940.69
ethereum,2022-04-24,2922.9
ethereum,2022-04-25,3008.34
ethereum,2022-04-26,2806.75
ethereum,2022-04-27,2889.59
ethereum,2022-04-28,2932.46
ethereum,2022-04-29,2817.49
ethereum,2022-04-30,2738.17
ethereum,2022-05-01,2832.51
ethereum,2022-05-02,2861.37
ethereum,2022-05-03,2786.05
ethereum,2022-05-04,2942.05
ethereum,2022-05-05,2753.94
ethereum,2022-05-06,2699.71
ethereum,2022-05-07,2641.23
ethereum,2022-05-08,2517.83
ethereum,2022-05-09,2249.89
ethereum,2022-05-10,2344.8
ethereum,2022-05-11,2080.91
ethereum,2022-05-12,1966.7
ethereum,2022-05-13,2010.21
ethereum,2022-05-14,2064.23
ethereum,2022-05-15,2147.05
ethereum,2022-05-16,2025.89
ethereum,2022-05-17,2095.18
ethereum,2022-05-18,1915.18
ethereum,2022-05-19,2023.85
ethereum,2022-05-20,1963.99
ethereum,2022-05-21,1978.15
ethereum,2022-05-22,2046.65
ethereum,2022-05-23,1974.58
ethereum,2022-05-24,1979.77
ethereum,2022-05-25,1944.84
ethereum,2022-05-26,1807.97
ethereum,2022-05-27,1724.88
ethereum,2022-05-28,1798.69
ethereum,2022-05-29,1814.98
ethereum,2022-05-30,1995.94
ethereum,2022-05-31,1944.08
ethereum,2022-06-01,1828.89
ethereum,2022-06-02,1833.09
ethereum,2022-06-03,1776.98
ethereum,2022-06-04,1804.26
ethereum,2022-06-05,1805.33
ethereum,2022-06-06,1860.18
ethereum,2022-06-07,1818.39
ethereum,2022-06-08,1794.54
ethereum,2022-06-09,1788.42
ethereum,2022-06-10,1663.84
ethereum,2022-06-11,1530.04
ethereum,2022-06-12,1454.69
ethereum,2022-06-13,1205.6
ethereum,2022-06-14,1214.87
ethereum,2022-06-15,1230.36
ethereum,2022-06-16,1068.6
ethereum,2022-06-17,1087.81
ethereum,2022-06-18,995.25
ethereum,2022-06-19,1125.75
ethereum,2022-06-20,1132.05
ethereum,2022-06-21,1124.56
ethereum,2022-06-22,1051.07
ethereum,2022-06-23,1144.48
ethereum,2022-06-24,1229.3
ethereum,2022-06-25,1244.29
ethereum,2022-06-26,1201.24
ethereum,2022-06-27,1194.22
ethereum,2022-06-28,1143.53
ethereum,2022-06-29,1098.91
ethereum,2022-06-30,1057.63
ethereum,2022-07-01,1068.82
ethereum,2022-07-02,1068.54
ethereum,2022-07-03,1074.61
ethereum,2022-07-04,1153.35
ethereum,2022-07-05,1134.02
ethereum,2022-07-06,1188.73
ethereum,2022-07-07,1240.38
ethereum,2022-07-08,1233.51
ethereum,2022-07-09,1216.85
ethereum,2022-07-10,1169.01
ethereum,2022-07-11,1097.45
ethereum,2022-07-12,1040.8
ethereum,2022-07-13,1112.92
ethereum,2022-07-14,1191.13
ethereum,2022-07-15,1234.1
ethereum,2022-07-16,1355.05
ethereum,2022-07-17,1344.72
ethereum,2022-07-18,1570.66
ethereum,2022-07-19,1542.63
ethereum,2022-07-20,1527.41
ethereum,2022-07-21,1576.83
ethereum,2022-07-22,1536.12
ethereum,2022-07-23,1552.5
ethereum,2022-07-24,1601.21
ethereum,2022-07-25,1450.48
ethereum,2022-07-26,1438.99
ethereum,2022-07-27,1636.95
ethereum,2022-07-28,1723.55
ethereum,2022-07-29,1739.04
ethereum,2022-07-30,1696.79
ethereum,2022-07-31,1682.01
ethereum,2022-08-01,1636.02
ethereum,2022-08-02,1638.38
ethereum,2022-08-03,1621.34
ethereum,2022-08-04,1612.42
ethereum,2022-08-05,1725.38
ethereum,2022-08-06,1693.3
ethereum,2022-08-07,1699.01
ethereum,2022-08-08,1775.7
ethereum,2022-08-09,1698.97
ethereum,2022-08-10,1852.88
ethereum,2022-08-11,1881.43
ethereum,2022-08-12,1959.33
ethereum,2022-08-13,1982.41
ethereum,2022-08-14,1936.7
ethereum,2022-08-15,1908.28
ethereum,2022-08-16,1880.6
ethereum,2022-08-17,1834.83
ethereum,2022-08-18,1850.11
ethereum,2022-08-19,1618.53
ethereum,2022-08-20,1579.42
ethereum,2022-08-21,1624.15
ethereum,2022-08-22,1622.31
ethereum,2022-08-23,1665.79
ethereum,2022-08-24,1657.79
ethereum,2022-08-25,1697.08
ethereum,2022-08-26,1510.19
ethereum,2022-08-27,1496.06
ethereum,2022-08-28,1438.75
ethereum,2022-08-29,1555.18
ethereum,2022-08-30,1525.4
ethereum,2022-08-31,1552.56
ethereum,2022-09-01,1588.98
ethereum,2022-09-02,1575.18
ethereum,2022-09-03,1555.67
ethereum,2022-09-04,1578.95
ethereum,2022-09-05,1617.94
ethereum,2022-09-06,1564.56
ethereum,2022-09-07,1629.88
ethereum,2022-09-08,1635.93
ethereum,2022-09-09,1717.08
ethereum,2022-09-10,1779.52
ethereum,2022-09-11,1761.32
ethereum,2022-09-12,1710.16
ethereum,2022-09-13,1573.21
ethereum,2022-09-14,1635.37
ethereum,2022-09-15,1472.0
ethereum,2022-09-16,1432.22
ethereum,2022-09-17,1471.2
ethereum,2022-09-18,1335.85
ethereum,2022-09-19,1379.92
ethereum,2022-09-20,1324.19
ethereum,2022-09-21,1252.77
ethereum,2022-09-22,1330.79
ethereum,2022-09-23,1329.56
ethereum,2022-09-24,1318.1
ethereum,2022-09-25,1294.08
ethereum,2022-09-26,1335.12
ethereum,2022-09-27,1331.15
ethereum,2022-09-28,1340.02
ethereum,2022-09-29,1335.74
ethereum,2022-09-30,1329.15
ethereum,2022-10-01,1311.26
ethereum,2022-10-02,1277.9
ethereum,2022-10-03,1323.5
ethereum,2022-10-04,1363.24
ethereum,2022-10-05,1352.59
ethereum,2022-10-06,1351.43
ethereum,2022-10-07,1324.89
ethereum,2022-10-08,1315.86
ethereum,2022-10-09,1322.27
ethereum,2022-10-10,1291.08
ethereum,2022-10-11,1279.88
ethereum,2022-10-12,1294.27
ethereum,2022-10-13,1288.16
ethereum,2022-10-14,1297.63
ethereum,2022-10-15,1275.69
ethereum,2022-10-16,1306.94
ethereum,2022-10-17,1333.44
ethereum,2022-10-18,1311.81
ethereum,2022-10-19,1284.65
ethereum,2022-10-20,1282.04
ethereum,2022-10-21,1299.8
ethereum,2022-10-22,1313.77
ethereum,2022-10-23,1364.49
ethereum,2022-10-24,1343.33
ethereum,2022-10-25,1462.05
ethereum,2022-10-26,1568.75
ethereum,2022-10-27,1514.86
ethereum,2022-10-28,1555.03
ethereum,2022-10-29,1619.43
ethereum,2022-10-30,1591.05
ethereum,2022-10-31,1572.98
ethereum,2022-11-01,1580.38
ethereum,2022-11-02,1520.64
ethereum,2022-11-03,1531.11
ethereum,2022-11-04,1644.19
ethereum,2022-11-05,1626.81
ethereum,2022-11-06,1572.95
ethereum,2022-11-07,1569.99
ethereum,2022-11-08,1334.29
ethereum,2022-11-09,1095.18
ethereum,2022-11-10,1301.55
ethereum,2022-11-11,1293.91
ethereum,2022-11-12,1255.6
ethereum,2022-11-13,1223.01
ethereum,2022-11-14,1242.0
ethereum,2022-11-15,1252.71
ethereum,2022-11-16,1217.7
ethereum,2022-11-17,1201.79
ethereum,2022-11-18,1213.5
ethereum,2022-11-19,1218.89
ethereum,2022-11-20,1144.25
ethereum,2022-11-21,1110.29
ethereum,2022-11-22,1135.18
ethereum,2022-11-23,1184.46
ethereum,2022-11-24,1204.21
ethereum,2022-11-25,1198.98
ethereum,2022-11-26,1205.66
ethereum,2022-11-27,1196.2
ethereum,2022-11-28,1170.12
ethereum,2022-11-29,1216.94
ethereum,2022-11-30,1298.94
ethereum,2022-12-01,1276.64
ethereum,2022-12-02,1293.95
ethereum,2022-12-03,1243.04
ethereum,2022-12-04,1282.42
ethereum,2022-12-05,1259.76
ethereum,2022-12-06,1271.94
ethereum,2022-12-07,1233.63
ethereum,2022-12-08,1281.21
ethereum,2022-12-09,1264.48
ethereum,2022-12-10,1264.79
ethereum,2022-12-11,1264.32
ethereum,2022-12-12,1275.33
ethereum,2022-12-13,1319.41
ethereum,2022-12-14,1308.4
ethereum,2022-12-15,1263.75
ethereum,2022-12-16,1165.97
ethereum,2022-12-17,1189.43
ethereum,2022-12-18,1186.78
ethereum,2022-12-19,1166.99
ethereum,2022-12-20,1217.89
ethereum,2022-12-21,1213.34
ethereum,2022-12-22,1217.85
ethereum,2022-12-23,1220.7
ethereum,2022-12-24,1221.36
ethereum,2022-12-25,1219.29
ethereum,2022-12-26,1226.25
ethereum,2022-12-27,1211.82
ethereum,2022-12-28,1188.73
ethereum,2022-12-29,1201.54
ethereum,2022-12-30,1199.11
ethereum,2022-12-31,1196.61
ethereum,2023-01-01,1200.66
ethereum,2023-01-02,1214.38
ethereum,2023-01-03,1214.76
ethereum,2023-01-04,1256.44
ethereum,2023-01-05,1250.79
ethereum,2023-01-06,1270.03
ethereum,2023-01-07,1264.84
ethereum,2023-01-08,1284.58
ethereum,2023-01-09,1321.68
ethereum,2023-01-10,1336.02
ethereum,2023-01-11,1389.77
ethereum,2023-01-12,1417.13
ethereum,2023-01-13,1453.38
ethereum,2023-01-14,1549.11
ethereum,2023-01-15,1551.32
ethereum,2023-01-16,1577.73
ethereum,2023-01-17,1569.53
ethereum,2023-01-18,1516.56
ethereum,2023-01-19,1550.51
ethereum,2023-01-20,1661.33
ethereum,2023-01-21,1625.91
ethereum,2023-01-22,1630.84
ethereum,2023-01-23,1632.96
ethereum,2023-01-24,1557.06
ethereum,2023-01-25,1614.68
ethereum,2023-01-26,1602.85
ethereum,2023-01-27,1598.47
ethereum,2023-01-28,1573.06
ethereum,2023-01-29,1646.52
ethereum,2023-01-30,1568.65
ethereum,2023-01-31,1586.54
ethereum,2023-02-01,1642.86
ethereum,2023-02-02,1648.68
ethereum,2023-02-03,1665.43
ethereum,2023-02-04,1667.27
ethereum,2023-02-05,1631.37
ethereum,2023-02-06,1617.14
ethereum,2023-02-07,1672.82
ethereum,2023-02-08,1651.41
ethereum,2023-02-09,1546.38
ethereum,2023-02-10,1515.53
ethereum,2023-02-11,1541.97
ethereum,2023-02-12,1515.33
ethereum,2023-02-13,1506.92
ethereum,2023-02-14,1556.96
ethereum,2023-02-15,1674.86
ethereum,2023-02-16,1646.14
ethereum,2023-02-17,1697.08
ethereum,2023-02-18,1692.52
ethereum,2023-02-19,1680.38
ethereum,2023-02-20,1700.2
ethereum,2023-02-21,1656.58
ethereum,2023-02-22,1643.17
ethereum,2023-02-23,1651.85
ethereum,2023-02-24,1608.1
ethereum,2023-02-25,1593.95
ethereum,2023-02-26,1640.58
ethereum,2023-02-27,1633.98
ethereum,2023-02-28,1606.63
ethereum,2023-03-01,1663.93
ethereum,2023-03-02,1647.66
ethereum,2023-03-03,1570.67
ethereum,2023-03-04,1568.5
ethereum,2023-03-05,1563.23
ethereum,2023-03-06,1567.35
ethereum,2023-03-07,1563.81
ethereum,2023-03-08,1535.26
ethereum,2023-03-09,1440.17
ethereum,2023-03-10,1429.6
ethereum,2023-03-11,1474.4
ethereum,2023-03-12,1588.2
ethereum,2023-03-13,1678.92
ethereum,2023-03-14,1708.3
ethereum,2023-03-15,1658.07
ethereum,2023-03-16,1679.79
ethereum,2023-03-17,1793.3
ethereum,2023-03-18,1769.43
ethereum,2023-03-19,1801.37
ethereum,2023-03-20,1744.44
ethereum,2023-03-21,1811.41
ethereum,2023-03-22,1747.64
ethereum,2023-03-23,1824.96
ethereum,2023-03-24,1751.22
ethereum,2023-03-25,1753.98
ethereum,2023-03-26,1776.87
ethereum,2023-03-27,1719.17
ethereum,2023-03-28,1776.04
ethereum,2023-03-29,1795.54
ethereum,2023-03-30,1792.91
ethereum,2023-03-31,1824.02
ethereum,2023-04-01,1823.0
ethereum,2023-04-02,1797.74
ethereum,2023-04-03,1810.47
ethereum,2023-04-04,1871.33
ethereum,2023-04-05,1911.34
ethereum,2023-04-06,1872.25
ethereum,2023-04-07,1866.66
ethereum,2023-04-08,1851.05
ethereum,2023-04-09,1859.94
ethereum,2023-04-10,1909.88
ethereum,2023-04-11,1892.94
ethereum,2023-04-12,1920.22
ethereum,2023-04-13,2012.79
ethereum,2023-04-14,2102.95
ethereum,2023-04-15,2093.17
ethereum,2023-04-16,2118.6
ethereum,2023-04-17,2077.54
ethereum,2023-04-18,2103.28
ethereum,2023-04-19,1936.43
ethereum,2023-04-20,1943.44
ethereum,2023-04-21,1850.15
ethereum,2023-04-22,1877.54
ethereum,2023-04-23,1863.64
ethereum,2023-04-24,1842.63
ethereum,2023-04-25,1870.57
ethereum,2023-04-26,1867.59
ethereum,2023-04-27,1910.46
ethereum,2023-04-28,1894.43
ethereum,2023-04-29,1905.27
ethereum,2023-04-30,1885.39
ethereum,2023-05-01,1832.73
ethereum,2023-05-02,1870.83
ethereum,2023-05-03,1903.73
ethereum,2023-05-04,1877.4
ethereum,2023-05-05,1993.61
ethereum,2023-05-06,1900.41
ethereum,2023-05-07,1895.23
ethereum,2023-05-08,1849.29
ethereum,2023-05-09,1846.06
ethereum,2023-05-10,1842.87
ethereum,2023-05-11,1798.07
ethereum,2023-05-12,1808.69
ethereum,2023-05-13,1797.2
ethereum,2023-05-14,1799.01
ethereum,2023-05-15,1820.04
ethereum,2023-05-16,1823.66
ethereum,2023-05-17,1821.05
ethereum,2023-05-18,1802.39
ethereum,2023-05-19,1812.13
ethereum,2023-05-20,1818.97
ethereum,2023-05-21,1804.93
ethereum,2023-05-22,1818.4
ethereum,2023-05-23,1854.19
ethereum,2023-05-24,1800.74
ethereum,2023-05-25,1805.81
ethereum,2023-05-26,1828.96
ethereum,2023-05-27,1830.31
ethereum,2023-05-28,1913.82
ethereum,2023-05-29,1893.71
ethereum,2023-05-30,1901.08
ethereum,2023-05-31,1874.69
ethereum,2023-06-01,1861.73
ethereum,2023-06-02,1907.21
ethereum,2023-06-03,1892.08
ethereum,2023-06-04,1893.18
ethereum,2023-06-05,1813.68
ethereum,2023-06-06,1883.24
ethereum,2023-06-07,1832.32
ethereum,2023-06-08,1846.03
ethereum,2023-06-09,1839.21
ethereum,2023-06-10,1754.67
ethereum,2023-06-11,1751.72
ethereum,2023-06-12,1742.6
ethereum,2023-06-13,1736.79
ethereum,2023-06-14,1650.68
ethereum,2023-06-15,1664.98
ethereum,2023-06-16,1716.38
ethereum,2023-06-17,1726.37
ethereum,2023-06-18,1719.27
ethereum,2023-06-19,1734.79
ethereum,2023-06-20,1790.19
ethereum,2023-06-21,1892.9
ethereum,2023-06-22,1874.18
ethereum,2023-06-23,1891.35
ethereum,2023-06-24,1875.06
ethereum,2023-06-25,1899.15
ethereum,2023-06-26,1859.8
ethereum,2023-06-27,1890.01
ethereum,2023-06-28,1828.46
ethereum,2023-06-29,1853.45
ethereum,2023-06-30,1934.05
ethereum,2023-07-01,1924.57
ethereum,2023-07-02,1933.96
ethereum,2023-07-03,1953.78
ethereum,2023-07-04,1937.0
ethereum,2023-07-05,1910.51
ethereum,2023-07-06,1855.47
ethereum,2023-07-07,1869.32
ethereum,2023-07-08,1864.87
ethereum,2023-07-09,1866.92
ethereum,2023-07-10,1875.27
ethereum,2023-07-11,1875.87
ethereum,2023-07-12,1873.51
ethereum,2023-07-13,2003.25
ethereum,2023-07-14,1935.94
ethereum,2023-07-15,1931.39
ethereum,2023-07-16,1923.04
ethereum,2023-07-17,1912.12
ethereum,2023-07-18,1897.2
ethereum,2023-07-19,1889.22
ethereum,2023-07-20,1891.01
ethereum,2023-07-21,1891.47
ethereum,2023-07-22,1858.31
ethereum,2023-07-23,1887.83
ethereum,2023-07-24,1850.43
ethereum,2023-07-25,1857.6
ethereum,2023-07-26,1871.53
ethereum,2023-07-27,1858.78
ethereum,2023-07-28,1874.69
ethereum,2023-07-29,1880.92
ethereum,2023-07-30,1861.87
ethereum,2023-07-31,1857.28
ethereum,2023-08-01,1869.75
ethereum,2023-08-02,1838.01
ethereum,2023-08-03,1835.7
ethereum,2023-08-04,1828.46
ethereum,2023-08-05,1835.07
ethereum,2023-08-06,1826.71
ethereum,2023-08-07,1826.93
ethereum,2023-08-08,1856.84
ethereum,2023-08-09,1855.89
ethereum,2023-08-10,1850.88
ethereum,2023-08-11,1847.54
ethereum,2023-08-12,1848.51
ethereum,2023-08-13,1839.51
ethereum,2023-08-14,1843.51
ethereum,2023-08-15,1826.91
ethereum,2023-08-16,1809.46
ethereum,2023-08-17,1675.86
ethereum,2023-08-18,1660.68
ethereum,2023-08-19,1669.23
ethereum,2023-08-20,1682.46
ethereum,2023-08-21,1666.84
ethereum,2023-08-22,1635.19
ethereum,2023-08-23,1679.12
ethereum,2023-08-24,1653.9
